[debug] [2026-05-16T19:58:13.825Z] ----------------------------------------------------------------------
[debug] [2026-05-16T19:58:13.826Z] Command:       /Users/jeremiasz1911/.nvm/versions/node/v23.10.0/bin/node /Users/jeremiasz1911/Documents/custom/powiat-decyduje.worktrees/copilot-registration-error-fix-not-found/node_modules/.bin/firebase login:list
[debug] [2026-05-16T19:58:13.826Z] CLI Version:   15.17.0
[debug] [2026-05-16T19:58:13.826Z] Platform:      darwin
[debug] [2026-05-16T19:58:13.827Z] Node Version:  v23.10.0
[debug] [2026-05-16T19:58:13.827Z] Time:          Sat May 16 2026 21:58:13 GMT+0200 (Central European Summer Time)
[debug] [2026-05-16T19:58:13.827Z] ----------------------------------------------------------------------
[debug] 
[debug] [2026-05-16T19:58:13.828Z] >>> [apiv2][query] GET https://firebase-public.firebaseio.com/cli.json [none]
[info] Logged in as jeremiasz1911@gmail.com
[debug] [2026-05-16T19:58:21.319Z] ----------------------------------------------------------------------
[debug] [2026-05-16T19:58:21.321Z] Command:       /Users/jeremiasz1911/.nvm/versions/node/v23.10.0/bin/node /Users/jeremiasz1911/Documents/custom/powiat-decyduje.worktrees/copilot-registration-error-fix-not-found/node_modules/.bin/firebase projects:list
[debug] [2026-05-16T19:58:21.322Z] CLI Version:   15.17.0
[debug] [2026-05-16T19:58:21.322Z] Platform:      darwin
[debug] [2026-05-16T19:58:21.322Z] Node Version:  v23.10.0
[debug] [2026-05-16T19:58:21.322Z] Time:          Sat May 16 2026 21:58:21 GMT+0200 (Central European Summer Time)
[debug] [2026-05-16T19:58:21.322Z] ----------------------------------------------------------------------
[debug] 
[debug] [2026-05-16T19:58:21.323Z] >>> [apiv2][query] GET https://firebase-public.firebaseio.com/cli.json [none]
[debug] [2026-05-16T19:58:21.440Z] > command requires scopes: ["email","openid","https://www.googleapis.com/auth/cloudplatformprojects.readonly","https://www.googleapis.com/auth/firebase","https://www.googleapis.com/auth/cloud-platform"]
[debug] [2026-05-16T19:58:21.441Z] > authorizing via signed-in user (jeremiasz1911@gmail.com)
[debug] [2026-05-16T19:58:21.442Z] Checked if tokens are valid: false, expires at: 1777019411484
[debug] [2026-05-16T19:58:21.442Z] Checked if tokens are valid: false, expires at: 1777019411484
[debug] [2026-05-16T19:58:21.442Z] > refreshing access token with scopes: []
[debug] [2026-05-16T19:58:21.443Z] >>> [apiv2][query] POST https://www.googleapis.com/oauth2/v3/token [none]
[debug] [2026-05-16T19:58:21.443Z] >>> [apiv2][body] POST https://www.googleapis.com/oauth2/v3/token [omitted]
[debug] [2026-05-16T19:58:21.724Z] <<< [apiv2][status] POST https://www.googleapis.com/oauth2/v3/token 200
[debug] [2026-05-16T19:58:21.724Z] <<< [apiv2][body] POST https://www.googleapis.com/oauth2/v3/token [omitted]
[debug] [2026-05-16T19:58:21.739Z] >>> [apiv2][query] GET https://firebase.googleapis.com/v1beta1/projects pageSize=1000
[debug] [2026-05-16T19:58:21.830Z] <<< [apiv2][status] GET https://firebase-public.firebaseio.com/cli.json 200
[debug] [2026-05-16T19:58:21.830Z] <<< [apiv2][body] GET https://firebase-public.firebaseio.com/cli.json {"cloudBuildErrorAfter":1594252800000,"cloudBuildWarnAfter":1590019200000,"defaultNode10After":1594252800000,"minVersion":"3.0.5","node8DeploysDisabledAfter":1613390400000,"node8RuntimeDisabledAfter":1615809600000,"node8WarnAfter":1600128000000}
[debug] [2026-05-16T19:58:22.415Z] <<< [apiv2][status] GET https://firebase.googleapis.com/v1beta1/projects 200
[debug] [2026-05-16T19:58:22.415Z] <<< [apiv2][body] GET https://firebase.googleapis.com/v1beta1/projects [omitted]
[info] ┌──────────────────────┬──────────────────────┬────────────────┬──────────────────────┐
│ Project Display Name │ Project ID           │ Project Number │ Resource Location ID │
├──────────────────────┼──────────────────────┼────────────────┼──────────────────────┤
│ baza-oasis           │ baza-oasis           │ 578073252893   │ [Not specified]      │
├──────────────────────┼──────────────────────┼────────────────┼──────────────────────┤
│ ekspresja            │ ekspresja-5a17d      │ 985322189288   │ [Not specified]      │
├──────────────────────┼──────────────────────┼────────────────┼──────────────────────┤
│ erasmus-english      │ erasmus-english      │ 129766905948   │ [Not specified]      │
├──────────────────────┼──────────────────────┼────────────────┼──────────────────────┤
│ familiada            │ familiada-618b6      │ 466906354538   │ [Not specified]      │
├──────────────────────┼──────────────────────┼────────────────┼──────────────────────┤
│ game-amp             │ game-amp             │ 789191774665   │ [Not specified]      │
├──────────────────────┼──────────────────────┼────────────────┼──────────────────────┤
│ learn                │ learn-7824c          │ 257633717543   │ [Not specified]      │
├──────────────────────┼──────────────────────┼────────────────┼──────────────────────┤
│ perfect-tune         │ perfect-tune         │ 735174445538   │ [Not specified]      │
├──────────────────────┼──────────────────────┼────────────────┼──────────────────────┤
│ powiat-decyduje      │ powiat-decyduje      │ 1029210239146  │ [Not specified]      │
├──────────────────────┼──────────────────────┼────────────────┼──────────────────────┤
│ powiatdecyduje       │ powiatdecyduje       │ 737600538193   │ [Not specified]      │
├──────────────────────┼──────────────────────┼────────────────┼──────────────────────┤
│ qr-quiz              │ qr-quiz-57e96        │ 427907035773   │ [Not specified]      │
├──────────────────────┼──────────────────────┼────────────────┼──────────────────────┤
│ tournament-app       │ tournament-app-4d87c │ 1052880359694  │ [Not specified]      │
├──────────────────────┼──────────────────────┼────────────────┼──────────────────────┤
│ urania               │ urania-1             │ 113103681873   │ [Not specified]      │
├──────────────────────┼──────────────────────┼────────────────┼──────────────────────┤
│ xarea                │ xarea-ceea7          │ 1057427675730  │ [Not specified]      │
├──────────────────────┼──────────────────────┼────────────────┼──────────────────────┤
│ zapp                 │ zapp-2               │ 144140180935   │ [Not specified]      │
└──────────────────────┴──────────────────────┴────────────────┴──────────────────────┘
[info] 
[info] 14 project(s) total.
[debug] [2026-05-16T19:58:28.205Z] ----------------------------------------------------------------------
[debug] [2026-05-16T19:58:28.207Z] Command:       /Users/jeremiasz1911/.nvm/versions/node/v23.10.0/bin/node /Users/jeremiasz1911/Documents/custom/powiat-decyduje.worktrees/copilot-registration-error-fix-not-found/node_modules/.bin/firebase deploy --project powiat-decyduje --only functions:createResidentPhoneVerificationCode,functions:verifyResidentPhoneCode
[debug] [2026-05-16T19:58:28.207Z] CLI Version:   15.17.0
[debug] [2026-05-16T19:58:28.207Z] Platform:      darwin
[debug] [2026-05-16T19:58:28.207Z] Node Version:  v23.10.0
[debug] [2026-05-16T19:58:28.207Z] Time:          Sat May 16 2026 21:58:28 GMT+0200 (Central European Summer Time)
[debug] [2026-05-16T19:58:28.207Z] ----------------------------------------------------------------------
[debug] 
[debug] [2026-05-16T19:58:29.741Z] > command requires scopes: ["email","openid","https://www.googleapis.com/auth/cloudplatformprojects.readonly","https://www.googleapis.com/auth/firebase","https://www.googleapis.com/auth/cloud-platform"]
[debug] [2026-05-16T19:58:29.741Z] > authorizing via signed-in user (jeremiasz1911@gmail.com)
[debug] [2026-05-16T19:58:29.741Z] [iam] checking project powiat-decyduje for permissions ["cloudfunctions.functions.create","cloudfunctions.functions.delete","cloudfunctions.functions.get","cloudfunctions.functions.list","cloudfunctions.functions.update","cloudfunctions.operations.get","firebase.projects.get"]
[debug] [2026-05-16T19:58:29.742Z] Checked if tokens are valid: true, expires at: 1778965100724
[debug] [2026-05-16T19:58:29.742Z] Checked if tokens are valid: true, expires at: 1778965100724
[debug] [2026-05-16T19:58:29.742Z] >>> [apiv2][query] POST https://cloudresourcemanager.googleapis.com/v1/projects/powiat-decyduje:testIamPermissions [none]
[debug] [2026-05-16T19:58:29.743Z] >>> [apiv2][(partial)header] POST https://cloudresourcemanager.googleapis.com/v1/projects/powiat-decyduje:testIamPermissions  x-goog-user-project=powiat-decyduje
[debug] [2026-05-16T19:58:29.743Z] >>> [apiv2][body] POST https://cloudresourcemanager.googleapis.com/v1/projects/powiat-decyduje:testIamPermissions {"permissions":["cloudfunctions.functions.create","cloudfunctions.functions.delete","cloudfunctions.functions.get","cloudfunctions.functions.list","cloudfunctions.functions.update","cloudfunctions.operations.get","firebase.projects.get"]}
[debug] [2026-05-16T19:58:30.758Z] <<< [apiv2][status] POST https://cloudresourcemanager.googleapis.com/v1/projects/powiat-decyduje:testIamPermissions 200
[debug] [2026-05-16T19:58:30.758Z] <<< [apiv2][body] POST https://cloudresourcemanager.googleapis.com/v1/projects/powiat-decyduje:testIamPermissions {"permissions":["cloudfunctions.functions.create","cloudfunctions.functions.delete","cloudfunctions.functions.get","cloudfunctions.functions.list","cloudfunctions.functions.update","cloudfunctions.operations.get","firebase.projects.get"]}
[debug] [2026-05-16T19:58:30.759Z] Checked if tokens are valid: true, expires at: 1778965100724
[debug] [2026-05-16T19:58:30.759Z] Checked if tokens are valid: true, expires at: 1778965100724
[debug] [2026-05-16T19:58:30.759Z] >>> [apiv2][query] POST https://iam.googleapis.com/v1/projects/powiat-decyduje/serviceAccounts/powiat-decyduje@appspot.gserviceaccount.com:testIamPermissions [none]
[debug] [2026-05-16T19:58:30.759Z] >>> [apiv2][body] POST https://iam.googleapis.com/v1/projects/powiat-decyduje/serviceAccounts/powiat-decyduje@appspot.gserviceaccount.com:testIamPermissions {"permissions":["iam.serviceAccounts.actAs"]}
[debug] [2026-05-16T19:58:31.733Z] <<< [apiv2][status] POST https://iam.googleapis.com/v1/projects/powiat-decyduje/serviceAccounts/powiat-decyduje@appspot.gserviceaccount.com:testIamPermissions 404
[debug] [2026-05-16T19:58:31.733Z] <<< [apiv2][body] POST https://iam.googleapis.com/v1/projects/powiat-decyduje/serviceAccounts/powiat-decyduje@appspot.gserviceaccount.com:testIamPermissions {"error":{"code":404,"message":"Unknown service account","status":"NOT_FOUND"}}
[debug] [2026-05-16T19:58:31.733Z] [functions] service account IAM check errored, deploy may fail: Request to https://iam.googleapis.com/v1/projects/powiat-decyduje/serviceAccounts/powiat-decyduje@appspot.gserviceaccount.com:testIamPermissions had HTTP Error: 404, Unknown service account {"name":"FirebaseError","children":[],"context":{"body":{"error":{"code":404,"message":"Unknown service account","status":"NOT_FOUND"}},"response":{"statusCode":404}},"exit":1,"message":"Request to https://iam.googleapis.com/v1/projects/powiat-decyduje/serviceAccounts/powiat-decyduje@appspot.gserviceaccount.com:testIamPermissions had HTTP Error: 404, Unknown service account","status":404}
[info] 
[info] === Deploying to 'powiat-decyduje'...
[info] 
[info] i  deploying functions 
[debug] [2026-05-16T19:58:31.736Z] Checked if tokens are valid: true, expires at: 1778965100724
[debug] [2026-05-16T19:58:31.736Z] Checked if tokens are valid: true, expires at: 1778965100724
[debug] [2026-05-16T19:58:31.736Z] >>> [apiv2][query] GET https://cloudresourcemanager.googleapis.com/v1/projects/powiat-decyduje [none]
[debug] [2026-05-16T19:58:31.961Z] <<< [apiv2][status] GET https://cloudresourcemanager.googleapis.com/v1/projects/powiat-decyduje 200
[debug] [2026-05-16T19:58:31.961Z] <<< [apiv2][body] GET https://cloudresourcemanager.googleapis.com/v1/projects/powiat-decyduje {"projectNumber":"1029210239146","projectId":"powiat-decyduje","lifecycleState":"ACTIVE","name":"powiat-decyduje","labels":{"firebase":"enabled","firebase-core":"disabled"},"createTime":"2026-03-26T20:32:51.451Z"}
[info] i  functions: preparing codebase default for deployment 
[info] i  functions: ensuring required API cloudfunctions.googleapis.com is enabled... 
[debug] [2026-05-16T19:58:31.962Z] Checked if tokens are valid: true, expires at: 1778965100724
[debug] [2026-05-16T19:58:31.962Z] Checked if tokens are valid: true, expires at: 1778965100724
[debug] [2026-05-16T19:58:31.962Z] Checked if tokens are valid: true, expires at: 1778965100724
[debug] [2026-05-16T19:58:31.962Z] Checked if tokens are valid: true, expires at: 1778965100724
[info] i  functions: ensuring required API cloudbuild.googleapis.com is enabled... 
[debug] [2026-05-16T19:58:31.962Z] Checked if tokens are valid: true, expires at: 1778965100724
[debug] [2026-05-16T19:58:31.962Z] Checked if tokens are valid: true, expires at: 1778965100724
[info] i  artifactregistry: ensuring required API artifactregistry.googleapis.com is enabled... 
[debug] [2026-05-16T19:58:31.962Z] Checked if tokens are valid: true, expires at: 1778965100724
[debug] [2026-05-16T19:58:31.963Z] Checked if tokens are valid: true, expires at: 1778965100724
[debug] [2026-05-16T19:58:31.963Z] >>> [apiv2][query] GET https://serviceusage.googleapis.com/v1/projects/powiat-decyduje/services/cloudfunctions.googleapis.com [none]
[debug] [2026-05-16T19:58:31.963Z] >>> [apiv2][(partial)header] GET https://serviceusage.googleapis.com/v1/projects/powiat-decyduje/services/cloudfunctions.googleapis.com  x-goog-user-project=powiat-decyduje
[debug] [2026-05-16T19:58:31.964Z] >>> [apiv2][query] GET https://serviceusage.googleapis.com/v1/projects/powiat-decyduje/services/runtimeconfig.googleapis.com [none]
[debug] [2026-05-16T19:58:31.964Z] >>> [apiv2][(partial)header] GET https://serviceusage.googleapis.com/v1/projects/powiat-decyduje/services/runtimeconfig.googleapis.com  x-goog-user-project=powiat-decyduje
[debug] [2026-05-16T19:58:31.964Z] >>> [apiv2][query] GET https://serviceusage.googleapis.com/v1/projects/powiat-decyduje/services/cloudbuild.googleapis.com [none]
[debug] [2026-05-16T19:58:31.964Z] >>> [apiv2][(partial)header] GET https://serviceusage.googleapis.com/v1/projects/powiat-decyduje/services/cloudbuild.googleapis.com  x-goog-user-project=powiat-decyduje
[debug] [2026-05-16T19:58:31.965Z] >>> [apiv2][query] GET https://serviceusage.googleapis.com/v1/projects/powiat-decyduje/services/artifactregistry.googleapis.com [none]
[debug] [2026-05-16T19:58:31.965Z] >>> [apiv2][(partial)header] GET https://serviceusage.googleapis.com/v1/projects/powiat-decyduje/services/artifactregistry.googleapis.com  x-goog-user-project=powiat-decyduje
[debug] [2026-05-16T19:58:32.694Z] <<< [apiv2][status] GET https://serviceusage.googleapis.com/v1/projects/powiat-decyduje/services/cloudbuild.googleapis.com 200
[debug] [2026-05-16T19:58:32.694Z] <<< [apiv2][body] GET https://serviceusage.googleapis.com/v1/projects/powiat-decyduje/services/cloudbuild.googleapis.com [omitted]
[warn] ⚠  functions: missing required API cloudbuild.googleapis.com. Enabling now... 
[debug] [2026-05-16T19:58:32.695Z] Checked if tokens are valid: true, expires at: 1778965100724
[debug] [2026-05-16T19:58:32.695Z] Checked if tokens are valid: true, expires at: 1778965100724
[debug] [2026-05-16T19:58:32.695Z] >>> [apiv2][query] POST https://serviceusage.googleapis.com/v1/projects/powiat-decyduje/services/cloudbuild.googleapis.com:enable [none]
[debug] [2026-05-16T19:58:32.695Z] >>> [apiv2][(partial)header] POST https://serviceusage.googleapis.com/v1/projects/powiat-decyduje/services/cloudbuild.googleapis.com:enable  x-goog-user-project=powiat-decyduje
[debug] [2026-05-16T19:58:33.070Z] <<< [apiv2][status] GET https://serviceusage.googleapis.com/v1/projects/powiat-decyduje/services/runtimeconfig.googleapis.com 200
[debug] [2026-05-16T19:58:33.070Z] <<< [apiv2][body] GET https://serviceusage.googleapis.com/v1/projects/powiat-decyduje/services/runtimeconfig.googleapis.com [omitted]
[debug] [2026-05-16T19:58:33.081Z] <<< [apiv2][status] GET https://serviceusage.googleapis.com/v1/projects/powiat-decyduje/services/artifactregistry.googleapis.com 200
[debug] [2026-05-16T19:58:33.081Z] <<< [apiv2][body] GET https://serviceusage.googleapis.com/v1/projects/powiat-decyduje/services/artifactregistry.googleapis.com [omitted]
[warn] ⚠  artifactregistry: missing required API artifactregistry.googleapis.com. Enabling now... 
[debug] [2026-05-16T19:58:33.081Z] Checked if tokens are valid: true, expires at: 1778965100724
[debug] [2026-05-16T19:58:33.081Z] Checked if tokens are valid: true, expires at: 1778965100724
[debug] [2026-05-16T19:58:33.081Z] >>> [apiv2][query] POST https://serviceusage.googleapis.com/v1/projects/powiat-decyduje/services/artifactregistry.googleapis.com:enable [none]
[debug] [2026-05-16T19:58:33.082Z] >>> [apiv2][(partial)header] POST https://serviceusage.googleapis.com/v1/projects/powiat-decyduje/services/artifactregistry.googleapis.com:enable  x-goog-user-project=powiat-decyduje
[debug] [2026-05-16T19:58:33.104Z] <<< [apiv2][status] GET https://serviceusage.googleapis.com/v1/projects/powiat-decyduje/services/cloudfunctions.googleapis.com 200
[debug] [2026-05-16T19:58:33.104Z] <<< [apiv2][body] GET https://serviceusage.googleapis.com/v1/projects/powiat-decyduje/services/cloudfunctions.googleapis.com [omitted]
[warn] ⚠  functions: missing required API cloudfunctions.googleapis.com. Enabling now... 
[debug] [2026-05-16T19:58:33.104Z] Checked if tokens are valid: true, expires at: 1778965100724
[debug] [2026-05-16T19:58:33.104Z] Checked if tokens are valid: true, expires at: 1778965100724
[debug] [2026-05-16T19:58:33.105Z] >>> [apiv2][query] POST https://serviceusage.googleapis.com/v1/projects/powiat-decyduje/services/cloudfunctions.googleapis.com:enable [none]
[debug] [2026-05-16T19:58:33.105Z] >>> [apiv2][(partial)header] POST https://serviceusage.googleapis.com/v1/projects/powiat-decyduje/services/cloudfunctions.googleapis.com:enable  x-goog-user-project=powiat-decyduje
[debug] [2026-05-16T19:58:33.962Z] <<< [apiv2][status] POST https://serviceusage.googleapis.com/v1/projects/powiat-decyduje/services/cloudbuild.googleapis.com:enable 200
[debug] [2026-05-16T19:58:33.962Z] <<< [apiv2][body] POST https://serviceusage.googleapis.com/v1/projects/powiat-decyduje/services/cloudbuild.googleapis.com:enable [omitted]
[debug] [2026-05-16T19:58:34.336Z] <<< [apiv2][status] POST https://serviceusage.googleapis.com/v1/projects/powiat-decyduje/services/cloudfunctions.googleapis.com:enable 200
[debug] [2026-05-16T19:58:34.336Z] <<< [apiv2][body] POST https://serviceusage.googleapis.com/v1/projects/powiat-decyduje/services/cloudfunctions.googleapis.com:enable [omitted]
[debug] [2026-05-16T19:58:34.364Z] <<< [apiv2][status] POST https://serviceusage.googleapis.com/v1/projects/powiat-decyduje/services/artifactregistry.googleapis.com:enable 200
[debug] [2026-05-16T19:58:34.364Z] <<< [apiv2][body] POST https://serviceusage.googleapis.com/v1/projects/powiat-decyduje/services/artifactregistry.googleapis.com:enable [omitted]
[debug] [2026-05-16T19:58:44.372Z] Checked if tokens are valid: true, expires at: 1778965100724
[debug] [2026-05-16T19:58:44.372Z] Checked if tokens are valid: true, expires at: 1778965100724
[debug] [2026-05-16T19:58:44.372Z] >>> [apiv2][query] GET https://firebase.googleapis.com/v1beta1/projects/powiat-decyduje/adminSdkConfig [none]
[debug] [2026-05-16T19:58:45.111Z] <<< [apiv2][status] GET https://firebase.googleapis.com/v1beta1/projects/powiat-decyduje/adminSdkConfig 200
[debug] [2026-05-16T19:58:45.111Z] <<< [apiv2][body] GET https://firebase.googleapis.com/v1beta1/projects/powiat-decyduje/adminSdkConfig {"projectId":"powiat-decyduje","storageBucket":"powiat-decyduje.firebasestorage.app"}
[debug] [2026-05-16T19:58:45.112Z] Checked if tokens are valid: true, expires at: 1778965100724
[debug] [2026-05-16T19:58:45.112Z] Checked if tokens are valid: true, expires at: 1778965100724
[debug] [2026-05-16T19:58:45.112Z] >>> [apiv2][query] GET https://runtimeconfig.googleapis.com/v1beta1/projects/powiat-decyduje/configs [none]
[debug] [2026-05-16T19:58:45.568Z] <<< [apiv2][status] GET https://runtimeconfig.googleapis.com/v1beta1/projects/powiat-decyduje/configs 200
[debug] [2026-05-16T19:58:45.569Z] <<< [apiv2][body] GET https://runtimeconfig.googleapis.com/v1beta1/projects/powiat-decyduje/configs {}
[debug] [2026-05-16T19:58:45.570Z] Validating nodejs source
[warn] ⚠  functions: Runtime Node.js 20 was deprecated on 2026-04-30 and will be decommissioned on 2026-10-30, after which you will not be able to deploy without upgrading. Consider upgrading now to avoid disruption. See https://cloud.google.com/functions/docs/runtime-support for full details on the lifecycle policy 
[debug] [2026-05-16T19:58:46.305Z] > [functions] package.json contents: {
  "name": "functions",
  "description": "Cloud Functions for SMS authentication",
  "scripts": {
    "build": "tsc",
    "watch": "tsc --watch",
    "start": "npm run build && firebase emulators:start --only functions",
    "deploy": "firebase deploy --only functions",
    "logs": "firebase functions:log"
  },
  "engines": {
    "node": "20"
  },
  "dependencies": {
    "firebase-admin": "^12.7.0",
    "firebase-functions": "^7.2.0"
  },
  "devDependencies": {
    "typescript": "~5.9.2"
  }
}
[error] 
[error] Error: There was an error reading functions/package.json:

 functions/index.js does not exist, can't deploy Cloud Functions
[debug] [2026-05-16T19:59:06.729Z] ----------------------------------------------------------------------
[debug] [2026-05-16T19:59:06.731Z] Command:       /Users/jeremiasz1911/.nvm/versions/node/v23.10.0/bin/node /Users/jeremiasz1911/Documents/custom/powiat-decyduje.worktrees/copilot-registration-error-fix-not-found/node_modules/.bin/firebase deploy --project powiat-decyduje --only functions:createResidentPhoneVerificationCode,functions:verifyResidentPhoneCode
[debug] [2026-05-16T19:59:06.731Z] CLI Version:   15.17.0
[debug] [2026-05-16T19:59:06.731Z] Platform:      darwin
[debug] [2026-05-16T19:59:06.731Z] Node Version:  v23.10.0
[debug] [2026-05-16T19:59:06.731Z] Time:          Sat May 16 2026 21:59:06 GMT+0200 (Central European Summer Time)
[debug] [2026-05-16T19:59:06.731Z] ----------------------------------------------------------------------
[debug] 
[debug] [2026-05-16T19:59:07.745Z] > command requires scopes: ["email","openid","https://www.googleapis.com/auth/cloudplatformprojects.readonly","https://www.googleapis.com/auth/firebase","https://www.googleapis.com/auth/cloud-platform"]
[debug] [2026-05-16T19:59:07.746Z] > authorizing via signed-in user (jeremiasz1911@gmail.com)
[debug] [2026-05-16T19:59:07.746Z] [iam] checking project powiat-decyduje for permissions ["cloudfunctions.functions.create","cloudfunctions.functions.delete","cloudfunctions.functions.get","cloudfunctions.functions.list","cloudfunctions.functions.update","cloudfunctions.operations.get","firebase.projects.get"]
[debug] [2026-05-16T19:59:07.746Z] Checked if tokens are valid: true, expires at: 1778965100724
[debug] [2026-05-16T19:59:07.746Z] Checked if tokens are valid: true, expires at: 1778965100724
[debug] [2026-05-16T19:59:07.747Z] >>> [apiv2][query] POST https://cloudresourcemanager.googleapis.com/v1/projects/powiat-decyduje:testIamPermissions [none]
[debug] [2026-05-16T19:59:07.747Z] >>> [apiv2][(partial)header] POST https://cloudresourcemanager.googleapis.com/v1/projects/powiat-decyduje:testIamPermissions  x-goog-user-project=powiat-decyduje
[debug] [2026-05-16T19:59:07.747Z] >>> [apiv2][body] POST https://cloudresourcemanager.googleapis.com/v1/projects/powiat-decyduje:testIamPermissions {"permissions":["cloudfunctions.functions.create","cloudfunctions.functions.delete","cloudfunctions.functions.get","cloudfunctions.functions.list","cloudfunctions.functions.update","cloudfunctions.operations.get","firebase.projects.get"]}
[debug] [2026-05-16T19:59:08.747Z] <<< [apiv2][status] POST https://cloudresourcemanager.googleapis.com/v1/projects/powiat-decyduje:testIamPermissions 200
[debug] [2026-05-16T19:59:08.747Z] <<< [apiv2][body] POST https://cloudresourcemanager.googleapis.com/v1/projects/powiat-decyduje:testIamPermissions {"permissions":["cloudfunctions.functions.create","cloudfunctions.functions.delete","cloudfunctions.functions.get","cloudfunctions.functions.list","cloudfunctions.functions.update","cloudfunctions.operations.get","firebase.projects.get"]}
[debug] [2026-05-16T19:59:08.747Z] Checked if tokens are valid: true, expires at: 1778965100724
[debug] [2026-05-16T19:59:08.747Z] Checked if tokens are valid: true, expires at: 1778965100724
[debug] [2026-05-16T19:59:08.747Z] >>> [apiv2][query] POST https://iam.googleapis.com/v1/projects/powiat-decyduje/serviceAccounts/powiat-decyduje@appspot.gserviceaccount.com:testIamPermissions [none]
[debug] [2026-05-16T19:59:08.747Z] >>> [apiv2][body] POST https://iam.googleapis.com/v1/projects/powiat-decyduje/serviceAccounts/powiat-decyduje@appspot.gserviceaccount.com:testIamPermissions {"permissions":["iam.serviceAccounts.actAs"]}
[debug] [2026-05-16T19:59:09.765Z] <<< [apiv2][status] POST https://iam.googleapis.com/v1/projects/powiat-decyduje/serviceAccounts/powiat-decyduje@appspot.gserviceaccount.com:testIamPermissions 200
[debug] [2026-05-16T19:59:09.766Z] <<< [apiv2][body] POST https://iam.googleapis.com/v1/projects/powiat-decyduje/serviceAccounts/powiat-decyduje@appspot.gserviceaccount.com:testIamPermissions {"permissions":["iam.serviceAccounts.actAs"]}
[info] 
[info] === Deploying to 'powiat-decyduje'...
[info] 
[info] i  deploying functions 
[debug] [2026-05-16T19:59:09.768Z] Checked if tokens are valid: true, expires at: 1778965100724
[debug] [2026-05-16T19:59:09.768Z] Checked if tokens are valid: true, expires at: 1778965100724
[debug] [2026-05-16T19:59:09.768Z] >>> [apiv2][query] GET https://cloudresourcemanager.googleapis.com/v1/projects/powiat-decyduje [none]
[debug] [2026-05-16T19:59:10.006Z] <<< [apiv2][status] GET https://cloudresourcemanager.googleapis.com/v1/projects/powiat-decyduje 200
[debug] [2026-05-16T19:59:10.006Z] <<< [apiv2][body] GET https://cloudresourcemanager.googleapis.com/v1/projects/powiat-decyduje {"projectNumber":"1029210239146","projectId":"powiat-decyduje","lifecycleState":"ACTIVE","name":"powiat-decyduje","labels":{"firebase":"enabled","firebase-core":"disabled"},"createTime":"2026-03-26T20:32:51.451Z"}
[info] i  functions: preparing codebase default for deployment 
[info] i  functions: ensuring required API cloudfunctions.googleapis.com is enabled... 
[info] i  functions: ensuring required API cloudbuild.googleapis.com is enabled... 
[info] i  artifactregistry: ensuring required API artifactregistry.googleapis.com is enabled... 
[debug] [2026-05-16T19:59:10.007Z] Checked if tokens are valid: true, expires at: 1778965100724
[debug] [2026-05-16T19:59:10.007Z] Checked if tokens are valid: true, expires at: 1778965100724
[debug] [2026-05-16T19:59:10.007Z] >>> [apiv2][query] GET https://firebase.googleapis.com/v1beta1/projects/powiat-decyduje/adminSdkConfig [none]
[debug] [2026-05-16T19:59:10.791Z] <<< [apiv2][status] GET https://firebase.googleapis.com/v1beta1/projects/powiat-decyduje/adminSdkConfig 200
[debug] [2026-05-16T19:59:10.791Z] <<< [apiv2][body] GET https://firebase.googleapis.com/v1beta1/projects/powiat-decyduje/adminSdkConfig {"projectId":"powiat-decyduje","storageBucket":"powiat-decyduje.firebasestorage.app"}
[debug] [2026-05-16T19:59:10.791Z] Checked if tokens are valid: true, expires at: 1778965100724
[debug] [2026-05-16T19:59:10.792Z] Checked if tokens are valid: true, expires at: 1778965100724
[debug] [2026-05-16T19:59:10.792Z] >>> [apiv2][query] GET https://runtimeconfig.googleapis.com/v1beta1/projects/powiat-decyduje/configs [none]
[debug] [2026-05-16T19:59:11.158Z] <<< [apiv2][status] GET https://runtimeconfig.googleapis.com/v1beta1/projects/powiat-decyduje/configs 200
[debug] [2026-05-16T19:59:11.158Z] <<< [apiv2][body] GET https://runtimeconfig.googleapis.com/v1beta1/projects/powiat-decyduje/configs {}
[debug] [2026-05-16T19:59:11.158Z] Validating nodejs source
[warn] ⚠  functions: Runtime Node.js 20 was deprecated on 2026-04-30 and will be decommissioned on 2026-10-30, after which you will not be able to deploy without upgrading. Consider upgrading now to avoid disruption. See https://cloud.google.com/functions/docs/runtime-support for full details on the lifecycle policy 
[debug] [2026-05-16T19:59:12.037Z] > [functions] package.json contents: {
  "name": "functions",
  "description": "Cloud Functions for SMS authentication",
  "main": "lib/index.js",
  "scripts": {
    "build": "tsc",
    "watch": "tsc --watch",
    "start": "npm run build && firebase emulators:start --only functions",
    "deploy": "firebase deploy --only functions",
    "logs": "firebase functions:log"
  },
  "engines": {
    "node": "20"
  },
  "dependencies": {
    "firebase-admin": "^12.7.0",
    "firebase-functions": "^7.2.0"
  },
  "devDependencies": {
    "typescript": "~5.9.2"
  }
}
[debug] [2026-05-16T19:59:12.037Z] Building nodejs source
[info] i  functions: Loading and analyzing source code for codebase default to determine what to deploy 
[debug] [2026-05-16T19:59:12.038Z] Could not find functions.yaml. Must use http discovery
[debug] [2026-05-16T19:59:12.044Z] Found firebase-functions binary at '/Users/jeremiasz1911/Documents/custom/powiat-decyduje.worktrees/copilot-registration-error-fix-not-found/node_modules/.bin/firebase-functions'
[info] Serving at port 8213

[debug] [2026-05-16T19:59:12.706Z] Got response from /__/functions.yaml {"endpoints":{"createResidentPhoneVerificationCode":{"availableMemoryMb":null,"timeoutSeconds":null,"minInstances":null,"maxInstances":null,"ingressSettings":null,"concurrency":null,"serviceAccountEmail":null,"vpc":null,"platform":"gcfv2","labels":{},"callableTrigger":{},"entryPoint":"createResidentPhoneVerificationCode"},"verifyResidentPhoneCode":{"availableMemoryMb":null,"timeoutSeconds":null,"minInstances":null,"maxInstances":null,"ingressSettings":null,"concurrency":null,"serviceAccountEmail":null,"vpc":null,"platform":"gcfv2","labels":{},"callableTrigger":{},"entryPoint":"verifyResidentPhoneCode"}},"specVersion":"v1alpha1","requiredAPIs":[],"extensions":{}}
[info] i  extensions: ensuring required API firebaseextensions.googleapis.com is enabled... 
[debug] [2026-05-16T19:59:16.725Z] Checked if tokens are valid: true, expires at: 1778965100724
[debug] [2026-05-16T19:59:16.725Z] Checked if tokens are valid: true, expires at: 1778965100724
[debug] [2026-05-16T19:59:16.725Z] >>> [apiv2][query] GET https://serviceusage.googleapis.com/v1/projects/powiat-decyduje/services/firebaseextensions.googleapis.com [none]
[debug] [2026-05-16T19:59:16.725Z] >>> [apiv2][(partial)header] GET https://serviceusage.googleapis.com/v1/projects/powiat-decyduje/services/firebaseextensions.googleapis.com  x-goog-user-project=powiat-decyduje
[debug] [2026-05-16T19:59:17.765Z] <<< [apiv2][status] GET https://serviceusage.googleapis.com/v1/projects/powiat-decyduje/services/firebaseextensions.googleapis.com 200
[debug] [2026-05-16T19:59:17.765Z] <<< [apiv2][body] GET https://serviceusage.googleapis.com/v1/projects/powiat-decyduje/services/firebaseextensions.googleapis.com [omitted]
[warn] ⚠  extensions: missing required API firebaseextensions.googleapis.com. Enabling now... 
[debug] [2026-05-16T19:59:17.765Z] Checked if tokens are valid: true, expires at: 1778965100724
[debug] [2026-05-16T19:59:17.766Z] Checked if tokens are valid: true, expires at: 1778965100724
[debug] [2026-05-16T19:59:17.766Z] >>> [apiv2][query] POST https://serviceusage.googleapis.com/v1/projects/powiat-decyduje/services/firebaseextensions.googleapis.com:enable [none]
[debug] [2026-05-16T19:59:17.766Z] >>> [apiv2][(partial)header] POST https://serviceusage.googleapis.com/v1/projects/powiat-decyduje/services/firebaseextensions.googleapis.com:enable  x-goog-user-project=powiat-decyduje
[debug] [2026-05-16T19:59:18.470Z] <<< [apiv2][status] POST https://serviceusage.googleapis.com/v1/projects/powiat-decyduje/services/firebaseextensions.googleapis.com:enable 200
[debug] [2026-05-16T19:59:18.470Z] <<< [apiv2][body] POST https://serviceusage.googleapis.com/v1/projects/powiat-decyduje/services/firebaseextensions.googleapis.com:enable [omitted]
[debug] [2026-05-16T19:59:28.512Z] > command requires scopes: ["email","openid","https://www.googleapis.com/auth/cloudplatformprojects.readonly","https://www.googleapis.com/auth/firebase","https://www.googleapis.com/auth/cloud-platform"]
[debug] [2026-05-16T19:59:28.512Z] > authorizing via signed-in user (jeremiasz1911@gmail.com)
[debug] [2026-05-16T19:59:28.512Z] [iam] checking project powiat-decyduje for permissions ["firebase.projects.get","firebaseextensions.instances.list"]
[debug] [2026-05-16T19:59:28.512Z] Checked if tokens are valid: true, expires at: 1778965100724
[debug] [2026-05-16T19:59:28.512Z] Checked if tokens are valid: true, expires at: 1778965100724
[debug] [2026-05-16T19:59:28.512Z] >>> [apiv2][query] POST https://cloudresourcemanager.googleapis.com/v1/projects/powiat-decyduje:testIamPermissions [none]
[debug] [2026-05-16T19:59:28.512Z] >>> [apiv2][(partial)header] POST https://cloudresourcemanager.googleapis.com/v1/projects/powiat-decyduje:testIamPermissions  x-goog-user-project=powiat-decyduje
[debug] [2026-05-16T19:59:28.512Z] >>> [apiv2][body] POST https://cloudresourcemanager.googleapis.com/v1/projects/powiat-decyduje:testIamPermissions {"permissions":["firebase.projects.get","firebaseextensions.instances.list"]}
[debug] [2026-05-16T19:59:29.631Z] <<< [apiv2][status] POST https://cloudresourcemanager.googleapis.com/v1/projects/powiat-decyduje:testIamPermissions 200
[debug] [2026-05-16T19:59:29.631Z] <<< [apiv2][body] POST https://cloudresourcemanager.googleapis.com/v1/projects/powiat-decyduje:testIamPermissions {"permissions":["firebase.projects.get","firebaseextensions.instances.list"]}
[debug] [2026-05-16T19:59:29.631Z] Checked if tokens are valid: true, expires at: 1778965100724
[debug] [2026-05-16T19:59:29.631Z] Checked if tokens are valid: true, expires at: 1778965100724
[debug] [2026-05-16T19:59:29.633Z] >>> [apiv2][query] GET https://firebaseextensions.googleapis.com/v1beta/projects/powiat-decyduje/instances pageSize=100&pageToken=
[debug] [2026-05-16T19:59:31.830Z] <<< [apiv2][status] GET https://firebaseextensions.googleapis.com/v1beta/projects/powiat-decyduje/instances 200
[debug] [2026-05-16T19:59:31.830Z] <<< [apiv2][body] GET https://firebaseextensions.googleapis.com/v1beta/projects/powiat-decyduje/instances {}
[info] i  functions: preparing functions directory for uploading... 
[info] i  functions: packaged /Users/jeremiasz1911/Documents/custom/powiat-decyduje.worktrees/copilot-registration-error-fix-not-found/functions (38.79 KB) for uploading 
[debug] [2026-05-16T19:59:31.860Z] Checked if tokens are valid: true, expires at: 1778965100724
[debug] [2026-05-16T19:59:31.861Z] Checked if tokens are valid: true, expires at: 1778965100724
[debug] [2026-05-16T19:59:31.861Z] >>> [apiv2][query] GET https://cloudfunctions.googleapis.com/v1/projects/powiat-decyduje/locations/-/functions [none]
[debug] [2026-05-16T19:59:32.589Z] <<< [apiv2][status] GET https://cloudfunctions.googleapis.com/v1/projects/powiat-decyduje/locations/-/functions 200
[debug] [2026-05-16T19:59:32.590Z] <<< [apiv2][body] GET https://cloudfunctions.googleapis.com/v1/projects/powiat-decyduje/locations/-/functions {}
[debug] [2026-05-16T19:59:32.590Z] Checked if tokens are valid: true, expires at: 1778965100724
[debug] [2026-05-16T19:59:32.590Z] Checked if tokens are valid: true, expires at: 1778965100724
[debug] [2026-05-16T19:59:32.590Z] >>> [apiv2][query] GET https://cloudfunctions.googleapis.com/v2/projects/powiat-decyduje/locations/-/functions filter=environment%3D%22GEN_2%22
[debug] [2026-05-16T19:59:33.630Z] <<< [apiv2][status] GET https://cloudfunctions.googleapis.com/v2/projects/powiat-decyduje/locations/-/functions 200
[debug] [2026-05-16T19:59:33.630Z] <<< [apiv2][body] GET https://cloudfunctions.googleapis.com/v2/projects/powiat-decyduje/locations/-/functions {}
[info] i  functions: ensuring required API run.googleapis.com is enabled... 
[debug] [2026-05-16T19:59:33.632Z] Checked if tokens are valid: true, expires at: 1778965100724
[debug] [2026-05-16T19:59:33.632Z] Checked if tokens are valid: true, expires at: 1778965100724
[info] i  functions: ensuring required API eventarc.googleapis.com is enabled... 
[debug] [2026-05-16T19:59:33.632Z] Checked if tokens are valid: true, expires at: 1778965100724
[debug] [2026-05-16T19:59:33.632Z] Checked if tokens are valid: true, expires at: 1778965100724
[info] i  functions: ensuring required API pubsub.googleapis.com is enabled... 
[debug] [2026-05-16T19:59:33.632Z] Checked if tokens are valid: true, expires at: 1778965100724
[debug] [2026-05-16T19:59:33.632Z] Checked if tokens are valid: true, expires at: 1778965100724
[info] i  functions: ensuring required API storage.googleapis.com is enabled... 
[debug] [2026-05-16T19:59:33.632Z] Checked if tokens are valid: true, expires at: 1778965100724
[debug] [2026-05-16T19:59:33.632Z] Checked if tokens are valid: true, expires at: 1778965100724
[debug] [2026-05-16T19:59:33.632Z] >>> [apiv2][query] GET https://serviceusage.googleapis.com/v1/projects/1029210239146/services/run.googleapis.com [none]
[debug] [2026-05-16T19:59:33.632Z] >>> [apiv2][(partial)header] GET https://serviceusage.googleapis.com/v1/projects/1029210239146/services/run.googleapis.com  x-goog-user-project=1029210239146
[debug] [2026-05-16T19:59:33.634Z] >>> [apiv2][query] GET https://serviceusage.googleapis.com/v1/projects/1029210239146/services/eventarc.googleapis.com [none]
[debug] [2026-05-16T19:59:33.634Z] >>> [apiv2][(partial)header] GET https://serviceusage.googleapis.com/v1/projects/1029210239146/services/eventarc.googleapis.com  x-goog-user-project=1029210239146
[debug] [2026-05-16T19:59:33.634Z] >>> [apiv2][query] GET https://serviceusage.googleapis.com/v1/projects/1029210239146/services/pubsub.googleapis.com [none]
[debug] [2026-05-16T19:59:33.635Z] >>> [apiv2][(partial)header] GET https://serviceusage.googleapis.com/v1/projects/1029210239146/services/pubsub.googleapis.com  x-goog-user-project=1029210239146
[debug] [2026-05-16T19:59:33.636Z] >>> [apiv2][query] GET https://serviceusage.googleapis.com/v1/projects/1029210239146/services/storage.googleapis.com [none]
[debug] [2026-05-16T19:59:33.636Z] >>> [apiv2][(partial)header] GET https://serviceusage.googleapis.com/v1/projects/1029210239146/services/storage.googleapis.com  x-goog-user-project=1029210239146
[debug] [2026-05-16T19:59:34.643Z] <<< [apiv2][status] GET https://serviceusage.googleapis.com/v1/projects/1029210239146/services/storage.googleapis.com 200
[debug] [2026-05-16T19:59:34.643Z] <<< [apiv2][body] GET https://serviceusage.googleapis.com/v1/projects/1029210239146/services/storage.googleapis.com [omitted]
[info] ✔  functions: required API storage.googleapis.com is enabled 
[debug] [2026-05-16T19:59:34.691Z] <<< [apiv2][status] GET https://serviceusage.googleapis.com/v1/projects/1029210239146/services/run.googleapis.com 200
[debug] [2026-05-16T19:59:34.691Z] <<< [apiv2][body] GET https://serviceusage.googleapis.com/v1/projects/1029210239146/services/run.googleapis.com [omitted]
[warn] ⚠  functions: missing required API run.googleapis.com. Enabling now... 
[debug] [2026-05-16T19:59:34.691Z] Checked if tokens are valid: true, expires at: 1778965100724
[debug] [2026-05-16T19:59:34.691Z] Checked if tokens are valid: true, expires at: 1778965100724
[debug] [2026-05-16T19:59:34.691Z] >>> [apiv2][query] POST https://serviceusage.googleapis.com/v1/projects/1029210239146/services/run.googleapis.com:enable [none]
[debug] [2026-05-16T19:59:34.691Z] >>> [apiv2][(partial)header] POST https://serviceusage.googleapis.com/v1/projects/1029210239146/services/run.googleapis.com:enable  x-goog-user-project=1029210239146
[debug] [2026-05-16T19:59:34.692Z] <<< [apiv2][status] GET https://serviceusage.googleapis.com/v1/projects/1029210239146/services/pubsub.googleapis.com 200
[debug] [2026-05-16T19:59:34.692Z] <<< [apiv2][body] GET https://serviceusage.googleapis.com/v1/projects/1029210239146/services/pubsub.googleapis.com [omitted]
[info] ✔  functions: required API pubsub.googleapis.com is enabled 
[debug] [2026-05-16T19:59:34.698Z] <<< [apiv2][status] GET https://serviceusage.googleapis.com/v1/projects/1029210239146/services/eventarc.googleapis.com 200
[debug] [2026-05-16T19:59:34.698Z] <<< [apiv2][body] GET https://serviceusage.googleapis.com/v1/projects/1029210239146/services/eventarc.googleapis.com [omitted]
[warn] ⚠  functions: missing required API eventarc.googleapis.com. Enabling now... 
[debug] [2026-05-16T19:59:34.698Z] Checked if tokens are valid: true, expires at: 1778965100724
[debug] [2026-05-16T19:59:34.698Z] Checked if tokens are valid: true, expires at: 1778965100724
[debug] [2026-05-16T19:59:34.698Z] >>> [apiv2][query] POST https://serviceusage.googleapis.com/v1/projects/1029210239146/services/eventarc.googleapis.com:enable [none]
[debug] [2026-05-16T19:59:34.699Z] >>> [apiv2][(partial)header] POST https://serviceusage.googleapis.com/v1/projects/1029210239146/services/eventarc.googleapis.com:enable  x-goog-user-project=1029210239146
[debug] [2026-05-16T19:59:35.571Z] <<< [apiv2][status] POST https://serviceusage.googleapis.com/v1/projects/1029210239146/services/eventarc.googleapis.com:enable 200
[debug] [2026-05-16T19:59:35.571Z] <<< [apiv2][body] POST https://serviceusage.googleapis.com/v1/projects/1029210239146/services/eventarc.googleapis.com:enable [omitted]
[debug] [2026-05-16T19:59:35.922Z] <<< [apiv2][status] POST https://serviceusage.googleapis.com/v1/projects/1029210239146/services/run.googleapis.com:enable 200
[debug] [2026-05-16T19:59:35.922Z] <<< [apiv2][body] POST https://serviceusage.googleapis.com/v1/projects/1029210239146/services/run.googleapis.com:enable [omitted]
[info] i  functions: generating the service identity for pubsub.googleapis.com... 
[debug] [2026-05-16T19:59:45.931Z] Checked if tokens are valid: true, expires at: 1778965100724
[debug] [2026-05-16T19:59:45.931Z] Checked if tokens are valid: true, expires at: 1778965100724
[info] i  functions: generating the service identity for eventarc.googleapis.com... 
[debug] [2026-05-16T19:59:45.931Z] Checked if tokens are valid: true, expires at: 1778965100724
[debug] [2026-05-16T19:59:45.931Z] Checked if tokens are valid: true, expires at: 1778965100724
[debug] [2026-05-16T19:59:45.931Z] >>> [apiv2][query] POST https://serviceusage.googleapis.com/v1beta1/projects/1029210239146/services/pubsub.googleapis.com:generateServiceIdentity [none]
[debug] [2026-05-16T19:59:45.931Z] >>> [apiv2][(partial)header] POST https://serviceusage.googleapis.com/v1beta1/projects/1029210239146/services/pubsub.googleapis.com:generateServiceIdentity  x-goog-user-project=1029210239146
[debug] [2026-05-16T19:59:45.931Z] >>> [apiv2][body] POST https://serviceusage.googleapis.com/v1beta1/projects/1029210239146/services/pubsub.googleapis.com:generateServiceIdentity {}
[debug] [2026-05-16T19:59:45.932Z] >>> [apiv2][query] POST https://serviceusage.googleapis.com/v1beta1/projects/1029210239146/services/eventarc.googleapis.com:generateServiceIdentity [none]
[debug] [2026-05-16T19:59:45.932Z] >>> [apiv2][(partial)header] POST https://serviceusage.googleapis.com/v1beta1/projects/1029210239146/services/eventarc.googleapis.com:generateServiceIdentity  x-goog-user-project=1029210239146
[debug] [2026-05-16T19:59:45.932Z] >>> [apiv2][body] POST https://serviceusage.googleapis.com/v1beta1/projects/1029210239146/services/eventarc.googleapis.com:generateServiceIdentity {}
[debug] [2026-05-16T19:59:47.450Z] <<< [apiv2][status] POST https://serviceusage.googleapis.com/v1beta1/projects/1029210239146/services/pubsub.googleapis.com:generateServiceIdentity 200
[debug] [2026-05-16T19:59:47.450Z] <<< [apiv2][body] POST https://serviceusage.googleapis.com/v1beta1/projects/1029210239146/services/pubsub.googleapis.com:generateServiceIdentity {"name":"operations/finished.DONE_OPERATION","done":true,"response":{"@type":"type.googleapis.com/google.api.serviceusage.v1beta1.ServiceIdentity","email":"service-1029210239146@gcp-sa-pubsub.iam.gserviceaccount.com","uniqueId":"106586358238521541581"}}
[debug] [2026-05-16T19:59:47.473Z] <<< [apiv2][status] POST https://serviceusage.googleapis.com/v1beta1/projects/1029210239146/services/eventarc.googleapis.com:generateServiceIdentity 200
[debug] [2026-05-16T19:59:47.473Z] <<< [apiv2][body] POST https://serviceusage.googleapis.com/v1beta1/projects/1029210239146/services/eventarc.googleapis.com:generateServiceIdentity {"name":"operations/finished.DONE_OPERATION","done":true,"response":{"@type":"type.googleapis.com/google.api.serviceusage.v1beta1.ServiceIdentity","email":"service-1029210239146@gcp-sa-eventarc.iam.gserviceaccount.com","uniqueId":"105788428164914661725"}}
[debug] [2026-05-16T19:59:47.477Z] Checked if tokens are valid: true, expires at: 1778965100724
[debug] [2026-05-16T19:59:47.477Z] Checked if tokens are valid: true, expires at: 1778965100724
[debug] [2026-05-16T19:59:47.477Z] >>> [apiv2][query] GET https://cloudresourcemanager.googleapis.com/v1/projects/powiat-decyduje [none]
[debug] [2026-05-16T19:59:48.395Z] <<< [apiv2][status] GET https://cloudresourcemanager.googleapis.com/v1/projects/powiat-decyduje 200
[debug] [2026-05-16T19:59:48.395Z] <<< [apiv2][body] GET https://cloudresourcemanager.googleapis.com/v1/projects/powiat-decyduje {"projectNumber":"1029210239146","projectId":"powiat-decyduje","lifecycleState":"ACTIVE","name":"powiat-decyduje","labels":{"firebase":"enabled","firebase-core":"disabled"},"createTime":"2026-03-26T20:32:51.451Z"}
[debug] [2026-05-16T19:59:48.396Z] Checked if tokens are valid: true, expires at: 1778965100724
[debug] [2026-05-16T19:59:48.396Z] Checked if tokens are valid: true, expires at: 1778965100724
[debug] [2026-05-16T19:59:48.396Z] >>> [apiv2][query] GET https://compute.googleapis.com/compute/v1/projects/1029210239146 [none]
[debug] [2026-05-16T19:59:48.812Z] <<< [apiv2][status] GET https://compute.googleapis.com/compute/v1/projects/1029210239146 403
[debug] [2026-05-16T19:59:48.812Z] <<< [apiv2][body] GET https://compute.googleapis.com/compute/v1/projects/1029210239146 {"error":{"code":403,"message":"Compute Engine API has not been used in project 1029210239146 before or it is disabled. Enable it by visiting https://console.developers.google.com/apis/api/compute.googleapis.com/overview?project=1029210239146 then retry. If you enabled this API recently, wait a few minutes for the action to propagate to our systems and retry.","errors":[{"message":"Compute Engine API has not been used in project 1029210239146 before or it is disabled. Enable it by visiting https://console.developers.google.com/apis/api/compute.googleapis.com/overview?project=1029210239146 then retry. If you enabled this API recently, wait a few minutes for the action to propagate to our systems and retry.","domain":"usageLimits","reason":"accessNotConfigured","extendedHelp":"https://console.developers.google.com"}],"status":"PERMISSION_DENIED","details":[{"@type":"type.googleapis.com/google.rpc.ErrorInfo","reason":"SERVICE_DISABLED","domain":"googleapis.com","metadata":{"activationUrl":"https://console.developers.google.com/apis/api/compute.googleapis.com/overview?project=1029210239146","service":"compute.googleapis.com","consumer":"projects/1029210239146","serviceTitle":"Compute Engine API","containerInfo":"1029210239146"}},{"@type":"type.googleapis.com/google.rpc.LocalizedMessage","locale":"en-US","message":"Compute Engine API has not been used in project 1029210239146 before or it is disabled. Enable it by visiting https://console.developers.google.com/apis/api/compute.googleapis.com/overview?project=1029210239146 then retry. If you enabled this API recently, wait a few minutes for the action to propagate to our systems and retry."},{"@type":"type.googleapis.com/google.rpc.Help","links":[{"description":"Google developers console API activation","url":"https://console.developers.google.com/apis/api/compute.googleapis.com/overview?project=1029210239146"}]}]}}
[debug] [2026-05-16T19:59:48.813Z] unable to look up default compute service account. Falling back to 1029210239146-compute@developer.gserviceaccount.com. Error: {"name":"FirebaseError","children":[],"context":{"body":{"error":{"code":403,"message":"Compute Engine API has not been used in project 1029210239146 before or it is disabled. Enable it by visiting https://console.developers.google.com/apis/api/compute.googleapis.com/overview?project=1029210239146 then retry. If you enabled this API recently, wait a few minutes for the action to propagate to our systems and retry.","errors":[{"message":"Compute Engine API has not been used in project 1029210239146 before or it is disabled. Enable it by visiting https://console.developers.google.com/apis/api/compute.googleapis.com/overview?project=1029210239146 then retry. If you enabled this API recently, wait a few minutes for the action to propagate to our systems and retry.","domain":"usageLimits","reason":"accessNotConfigured","extendedHelp":"https://console.developers.google.com"}],"status":"PERMISSION_DENIED","details":[{"@type":"type.googleapis.com/google.rpc.ErrorInfo","reason":"SERVICE_DISABLED","domain":"googleapis.com","metadata":{"activationUrl":"https://console.developers.google.com/apis/api/compute.googleapis.com/overview?project=1029210239146","service":"compute.googleapis.com","consumer":"projects/1029210239146","serviceTitle":"Compute Engine API","containerInfo":"1029210239146"}},{"@type":"type.googleapis.com/google.rpc.LocalizedMessage","locale":"en-US","message":"Compute Engine API has not been used in project 1029210239146 before or it is disabled. Enable it by visiting https://console.developers.google.com/apis/api/compute.googleapis.com/overview?project=1029210239146 then retry. If you enabled this API recently, wait a few minutes for the action to propagate to our systems and retry."},{"@type":"type.googleapis.com/google.rpc.Help","links":[{"description":"Google developers console API activation","url":"https://console.developers.google.com/apis/api/compute.googleapis.com/overview?project=1029210239146"}]}]}},"response":{"statusCode":403}},"exit":1,"message":"Request to https://compute.googleapis.com/compute/v1/projects/1029210239146 had HTTP Error: 403, Compute Engine API has not been used in project 1029210239146 before or it is disabled. Enable it by visiting https://console.developers.google.com/apis/api/compute.googleapis.com/overview?project=1029210239146 then retry. If you enabled this API recently, wait a few minutes for the action to propagate to our systems and retry.","status":403}
[debug] [2026-05-16T19:59:48.813Z] Checked if tokens are valid: true, expires at: 1778965100724
[debug] [2026-05-16T19:59:48.813Z] Checked if tokens are valid: true, expires at: 1778965100724
[debug] [2026-05-16T19:59:48.813Z] >>> [apiv2][query] GET https://compute.googleapis.com/compute/v1/projects/1029210239146 [none]
[debug] [2026-05-16T19:59:49.060Z] <<< [apiv2][status] GET https://compute.googleapis.com/compute/v1/projects/1029210239146 403
[debug] [2026-05-16T19:59:49.060Z] <<< [apiv2][body] GET https://compute.googleapis.com/compute/v1/projects/1029210239146 {"error":{"code":403,"message":"Compute Engine API has not been used in project 1029210239146 before or it is disabled. Enable it by visiting https://console.developers.google.com/apis/api/compute.googleapis.com/overview?project=1029210239146 then retry. If you enabled this API recently, wait a few minutes for the action to propagate to our systems and retry.","errors":[{"message":"Compute Engine API has not been used in project 1029210239146 before or it is disabled. Enable it by visiting https://console.developers.google.com/apis/api/compute.googleapis.com/overview?project=1029210239146 then retry. If you enabled this API recently, wait a few minutes for the action to propagate to our systems and retry.","domain":"usageLimits","reason":"accessNotConfigured","extendedHelp":"https://console.developers.google.com"}],"status":"PERMISSION_DENIED","details":[{"@type":"type.googleapis.com/google.rpc.ErrorInfo","reason":"SERVICE_DISABLED","domain":"googleapis.com","metadata":{"service":"compute.googleapis.com","activationUrl":"https://console.developers.google.com/apis/api/compute.googleapis.com/overview?project=1029210239146","serviceTitle":"Compute Engine API","consumer":"projects/1029210239146","containerInfo":"1029210239146"}},{"@type":"type.googleapis.com/google.rpc.LocalizedMessage","locale":"en-US","message":"Compute Engine API has not been used in project 1029210239146 before or it is disabled. Enable it by visiting https://console.developers.google.com/apis/api/compute.googleapis.com/overview?project=1029210239146 then retry. If you enabled this API recently, wait a few minutes for the action to propagate to our systems and retry."},{"@type":"type.googleapis.com/google.rpc.Help","links":[{"description":"Google developers console API activation","url":"https://console.developers.google.com/apis/api/compute.googleapis.com/overview?project=1029210239146"}]}]}}
[debug] [2026-05-16T19:59:49.060Z] unable to look up default compute service account. Falling back to 1029210239146-compute@developer.gserviceaccount.com. Error: {"name":"FirebaseError","children":[],"context":{"body":{"error":{"code":403,"message":"Compute Engine API has not been used in project 1029210239146 before or it is disabled. Enable it by visiting https://console.developers.google.com/apis/api/compute.googleapis.com/overview?project=1029210239146 then retry. If you enabled this API recently, wait a few minutes for the action to propagate to our systems and retry.","errors":[{"message":"Compute Engine API has not been used in project 1029210239146 before or it is disabled. Enable it by visiting https://console.developers.google.com/apis/api/compute.googleapis.com/overview?project=1029210239146 then retry. If you enabled this API recently, wait a few minutes for the action to propagate to our systems and retry.","domain":"usageLimits","reason":"accessNotConfigured","extendedHelp":"https://console.developers.google.com"}],"status":"PERMISSION_DENIED","details":[{"@type":"type.googleapis.com/google.rpc.ErrorInfo","reason":"SERVICE_DISABLED","domain":"googleapis.com","metadata":{"service":"compute.googleapis.com","activationUrl":"https://console.developers.google.com/apis/api/compute.googleapis.com/overview?project=1029210239146","serviceTitle":"Compute Engine API","consumer":"projects/1029210239146","containerInfo":"1029210239146"}},{"@type":"type.googleapis.com/google.rpc.LocalizedMessage","locale":"en-US","message":"Compute Engine API has not been used in project 1029210239146 before or it is disabled. Enable it by visiting https://console.developers.google.com/apis/api/compute.googleapis.com/overview?project=1029210239146 then retry. If you enabled this API recently, wait a few minutes for the action to propagate to our systems and retry."},{"@type":"type.googleapis.com/google.rpc.Help","links":[{"description":"Google developers console API activation","url":"https://console.developers.google.com/apis/api/compute.googleapis.com/overview?project=1029210239146"}]}]}},"response":{"statusCode":403}},"exit":1,"message":"Request to https://compute.googleapis.com/compute/v1/projects/1029210239146 had HTTP Error: 403, Compute Engine API has not been used in project 1029210239146 before or it is disabled. Enable it by visiting https://console.developers.google.com/apis/api/compute.googleapis.com/overview?project=1029210239146 then retry. If you enabled this API recently, wait a few minutes for the action to propagate to our systems and retry.","status":403}
[debug] [2026-05-16T19:59:49.061Z] Checked if tokens are valid: true, expires at: 1778965100724
[debug] [2026-05-16T19:59:49.061Z] Checked if tokens are valid: true, expires at: 1778965100724
[debug] [2026-05-16T19:59:49.061Z] >>> [apiv2][query] GET https://cloudbilling.googleapis.com/v1/projects/powiat-decyduje/billingInfo [none]
[debug] [2026-05-16T19:59:50.112Z] <<< [apiv2][status] GET https://cloudbilling.googleapis.com/v1/projects/powiat-decyduje/billingInfo 200
[debug] [2026-05-16T19:59:50.113Z] <<< [apiv2][body] GET https://cloudbilling.googleapis.com/v1/projects/powiat-decyduje/billingInfo {"name":"projects/powiat-decyduje/billingInfo","projectId":"powiat-decyduje","billingAccountName":"billingAccounts/0168EB-7CDA6B-F05389","billingEnabled":true}
[debug] [2026-05-16T19:59:50.114Z] Checked if tokens are valid: true, expires at: 1778965100724
[debug] [2026-05-16T19:59:50.114Z] Checked if tokens are valid: true, expires at: 1778965100724
[debug] [2026-05-16T19:59:50.114Z] >>> [apiv2][query] POST https://cloudfunctions.googleapis.com/v2/projects/powiat-decyduje/locations/us-central1/functions:generateUploadUrl [none]
[debug] [2026-05-16T19:59:52.209Z] <<< [apiv2][status] POST https://cloudfunctions.googleapis.com/v2/projects/powiat-decyduje/locations/us-central1/functions:generateUploadUrl 200
[debug] [2026-05-16T19:59:52.209Z] <<< [apiv2][body] POST https://cloudfunctions.googleapis.com/v2/projects/powiat-decyduje/locations/us-central1/functions:generateUploadUrl {"uploadUrl":"https://storage.googleapis.com/gcf-v2-uploads-1029210239146.us-central1.cloudfunctions.appspot.com/accc61a5-270b-41ac-a2e3-9f416d4d2eeb.zip?GoogleAccessId=service-1029210239146@gcf-admin-robot.iam.gserviceaccount.com&Expires=1778963392&Signature=a7zG4pJyj%2BvH3d6%2FU2aw93QKnu6Xd9PDT8a3E%2F2XS41enl5iPUrL6PuBUCYOtTs7i%2FzwS29%2F%2Fxh6mOmWkjky%2FgzAn53X3QIyahMVNc5oDJIEIPnjXcyfedfb4fREGKXMY%2BVbGX0IGtDbjtMCKBsZ5Mp1I3C91vcRWMSUkDsy04ayT5NKq9mJGFj2R2p%2BPkwDT3T3D%2B1h02FEPC1h%2FZmfFWZ7Ff8IXP4HbVEajzaN776uVmk9ZpRSsNUHt4%2FF18CJWGw27DmEvBZYd7%2BMbJS4rDrjBrSRkaUE7awOzqEriJYXSOJZJoTQ1AfMCRoSZKsApqWHiQVaqVFeORIowrnxlA%3D%3D","storageSource":{"bucket":"gcf-v2-uploads-1029210239146.us-central1.cloudfunctions.appspot.com","object":"accc61a5-270b-41ac-a2e3-9f416d4d2eeb.zip"}}
[debug] [2026-05-16T19:59:52.210Z] >>> [apiv2][query] PUT https://storage.googleapis.com/gcf-v2-uploads-1029210239146.us-central1.cloudfunctions.appspot.com/accc61a5-270b-41ac-a2e3-9f416d4d2eeb.zip GoogleAccessId=service-1029210239146%40gcf-admin-robot.iam.gserviceaccount.com&Expires=1778963392&Signature=a7zG4pJyj%2BvH3d6%2FU2aw93QKnu6Xd9PDT8a3E%2F2XS41enl5iPUrL6PuBUCYOtTs7i%2FzwS29%2F%2Fxh6mOmWkjky%2FgzAn53X3QIyahMVNc5oDJIEIPnjXcyfedfb4fREGKXMY%2BVbGX0IGtDbjtMCKBsZ5Mp1I3C91vcRWMSUkDsy04ayT5NKq9mJGFj2R2p%2BPkwDT3T3D%2B1h02FEPC1h%2FZmfFWZ7Ff8IXP4HbVEajzaN776uVmk9ZpRSsNUHt4%2FF18CJWGw27DmEvBZYd7%2BMbJS4rDrjBrSRkaUE7awOzqEriJYXSOJZJoTQ1AfMCRoSZKsApqWHiQVaqVFeORIowrnxlA%3D%3D
[debug] [2026-05-16T19:59:52.210Z] >>> [apiv2][body] PUT https://storage.googleapis.com/gcf-v2-uploads-1029210239146.us-central1.cloudfunctions.appspot.com/accc61a5-270b-41ac-a2e3-9f416d4d2eeb.zip [stream]
[debug] [2026-05-16T19:59:52.778Z] <<< [apiv2][status] PUT https://storage.googleapis.com/gcf-v2-uploads-1029210239146.us-central1.cloudfunctions.appspot.com/accc61a5-270b-41ac-a2e3-9f416d4d2eeb.zip 200
[debug] [2026-05-16T19:59:52.778Z] <<< [apiv2][body] PUT https://storage.googleapis.com/gcf-v2-uploads-1029210239146.us-central1.cloudfunctions.appspot.com/accc61a5-270b-41ac-a2e3-9f416d4d2eeb.zip [omitted]
[info] ✔  functions: functions source uploaded successfully 
[info] i  functions: creating Node.js 20 (2nd Gen) function createResidentPhoneVerificationCode(us-central1)... 
[info] i  functions: creating Node.js 20 (2nd Gen) function verifyResidentPhoneCode(us-central1)... 
[debug] [2026-05-16T19:59:52.781Z] Checked if tokens are valid: true, expires at: 1778965100724
[debug] [2026-05-16T19:59:52.781Z] Checked if tokens are valid: true, expires at: 1778965100724
[debug] [2026-05-16T19:59:52.781Z] >>> [apiv2][query] POST https://cloudfunctions.googleapis.com/v2/projects/powiat-decyduje/locations/us-central1/functions functionId=createResidentPhoneVerificationCode
[debug] [2026-05-16T19:59:52.781Z] >>> [apiv2][body] POST https://cloudfunctions.googleapis.com/v2/projects/powiat-decyduje/locations/us-central1/functions {"name":"projects/powiat-decyduje/locations/us-central1/functions/createResidentPhoneVerificationCode","buildConfig":{"runtime":"nodejs20","entryPoint":"createResidentPhoneVerificationCode","source":{"storageSource":{"bucket":"gcf-v2-uploads-1029210239146.us-central1.cloudfunctions.appspot.com","object":"accc61a5-270b-41ac-a2e3-9f416d4d2eeb.zip"}},"environmentVariables":{"GOOGLE_NODE_RUN_SCRIPTS":""}},"serviceConfig":{"environmentVariables":{"FIREBASE_CONFIG":"{\"projectId\":\"powiat-decyduje\",\"storageBucket\":\"powiat-decyduje.firebasestorage.app\"}","GCLOUD_PROJECT":"powiat-decyduje","EVENTARC_CLOUD_EVENT_SOURCE":"projects/powiat-decyduje/locations/REGION_TBD/services/createResidentPhoneVerificationCode","FUNCTION_TARGET":"createResidentPhoneVerificationCode","LOG_EXECUTION_ID":"true"},"ingressSettings":null,"timeoutSeconds":null,"serviceAccountEmail":null,"availableMemory":"256Mi","minInstanceCount":null,"maxInstanceCount":null,"maxInstanceRequestConcurrency":80,"availableCpu":"1","vpcConnector":null,"vpcConnectorEgressSettings":null,"directVpcNetworkInterface":null,"directVpcEgress":null},"labels":{"deployment-tool":"cli-firebase","deployment-callable":"true","firebase-functions-hash":"8cebd0753ff9a33af0e40d4a119e3e84cbf3dc05"}}
[debug] [2026-05-16T19:59:55.218Z] <<< [apiv2][status] POST https://cloudfunctions.googleapis.com/v2/projects/powiat-decyduje/locations/us-central1/functions 200
[debug] [2026-05-16T19:59:55.219Z] <<< [apiv2][body] POST https://cloudfunctions.googleapis.com/v2/projects/powiat-decyduje/locations/us-central1/functions {"name":"projects/powiat-decyduje/locations/us-central1/operations/operation-1778961593648-651f4c5dbc381-f5534122-d1ef2ec6","metadata":{"@type":"type.googleapis.com/google.cloud.functions.v2.OperationMetadata","createTime":"2026-05-16T19:59:55.261883133Z","target":"projects/powiat-decyduje/locations/us-central1/functions/createResidentPhoneVerificationCode","verb":"create","cancelRequested":false,"apiVersion":"v2"},"done":false}
[debug] [2026-05-16T19:59:55.220Z] Checked if tokens are valid: true, expires at: 1778965100724
[debug] [2026-05-16T19:59:55.220Z] Checked if tokens are valid: true, expires at: 1778965100724
[debug] [2026-05-16T19:59:55.220Z] >>> [apiv2][query] GET https://cloudfunctions.googleapis.com/v2/projects/powiat-decyduje/locations/us-central1/operations/operation-1778961593648-651f4c5dbc381-f5534122-d1ef2ec6 [none]
[debug] [2026-05-16T19:59:56.017Z] <<< [apiv2][status] GET https://cloudfunctions.googleapis.com/v2/projects/powiat-decyduje/locations/us-central1/operations/operation-1778961593648-651f4c5dbc381-f5534122-d1ef2ec6 200
[debug] [2026-05-16T19:59:56.017Z] <<< [apiv2][body] GET https://cloudfunctions.googleapis.com/v2/projects/powiat-decyduje/locations/us-central1/operations/operation-1778961593648-651f4c5dbc381-f5534122-d1ef2ec6 {"name":"projects/powiat-decyduje/locations/us-central1/operations/operation-1778961593648-651f4c5dbc381-f5534122-d1ef2ec6","metadata":{"@type":"type.googleapis.com/google.cloud.functions.v2.OperationMetadata","createTime":"2026-05-16T19:59:55.261883133Z","target":"projects/powiat-decyduje/locations/us-central1/functions/createResidentPhoneVerificationCode","verb":"create","cancelRequested":false,"apiVersion":"v2","requestResource":{"@type":"type.googleapis.com/google.cloud.functions.v2.Function","name":"projects/powiat-decyduje/locations/us-central1/functions/createResidentPhoneVerificationCode","buildConfig":{"runtime":"nodejs20","entryPoint":"createResidentPhoneVerificationCode","source":{"storageSource":{"bucket":"gcf-v2-sources-1029210239146-us-central1","object":"createResidentPhoneVerificationCode/function-source.zip","generation":"1778961594822692"}},"environmentVariables":{"GOOGLE_NODE_RUN_SCRIPTS":""},"serviceAccount":"projects/powiat-decyduje/serviceAccounts/1029210239146-compute@developer.gserviceaccount.com","automaticUpdatePolicy":{}},"serviceConfig":{"service":"projects/powiat-decyduje/locations/us-central1/services/createresidentphoneverificationcode","timeoutSeconds":60,"environmentVariables":{"FIREBASE_CONFIG":"{\"projectId\":\"powiat-decyduje\",\"storageBucket\":\"powiat-decyduje.firebasestorage.app\"}","GCLOUD_PROJECT":"powiat-decyduje","EVENTARC_CLOUD_EVENT_SOURCE":"projects/powiat-decyduje/locations/REGION_TBD/services/createResidentPhoneVerificationCode","FUNCTION_TARGET":"createResidentPhoneVerificationCode","LOG_EXECUTION_ID":"true"},"ingressSettings":"ALLOW_ALL","serviceAccountEmail":"1029210239146-compute@developer.gserviceaccount.com","availableMemory":"256Mi","maxInstanceRequestConcurrency":80,"availableCpu":"1"},"labels":{"deployment-tool":"cli-firebase","deployment-callable":"true","firebase-functions-hash":"8cebd0753ff9a33af0e40d4a119e3e84cbf3dc05"},"environment":"GEN_2"},"stages":[{"name":"BUILD","state":"NOT_STARTED","stateMessages":[{"severity":"WARNING","type":"BuildAnalysisWarning","message":"Node.js 20 is no longer supported by the Node.js community as of 30 April, 2026. Runtime nodejs20 is currently deprecated for Cloud Functions. We recommend you to upgrade to the latest version of Node.js as soon as possible."}]},{"name":"SERVICE","state":"NOT_STARTED"}],"operationType":"CREATE_FUNCTION"},"done":false}
[debug] [2026-05-16T19:59:56.519Z] [create-default-us-central1-createResidentPhoneVerificationCode] Retrying task index 0
[debug] [2026-05-16T19:59:56.519Z] Checked if tokens are valid: true, expires at: 1778965100724
[debug] [2026-05-16T19:59:56.520Z] Checked if tokens are valid: true, expires at: 1778965100724
[debug] [2026-05-16T19:59:56.520Z] >>> [apiv2][query] GET https://cloudfunctions.googleapis.com/v2/projects/powiat-decyduje/locations/us-central1/operations/operation-1778961593648-651f4c5dbc381-f5534122-d1ef2ec6 [none]
[debug] [2026-05-16T19:59:57.316Z] <<< [apiv2][status] GET https://cloudfunctions.googleapis.com/v2/projects/powiat-decyduje/locations/us-central1/operations/operation-1778961593648-651f4c5dbc381-f5534122-d1ef2ec6 200
[debug] [2026-05-16T19:59:57.316Z] <<< [apiv2][body] GET https://cloudfunctions.googleapis.com/v2/projects/powiat-decyduje/locations/us-central1/operations/operation-1778961593648-651f4c5dbc381-f5534122-d1ef2ec6 {"name":"projects/powiat-decyduje/locations/us-central1/operations/operation-1778961593648-651f4c5dbc381-f5534122-d1ef2ec6","metadata":{"@type":"type.googleapis.com/google.cloud.functions.v2.OperationMetadata","createTime":"2026-05-16T19:59:55.261883133Z","target":"projects/powiat-decyduje/locations/us-central1/functions/createResidentPhoneVerificationCode","verb":"create","cancelRequested":false,"apiVersion":"v2","requestResource":{"@type":"type.googleapis.com/google.cloud.functions.v2.Function","name":"projects/powiat-decyduje/locations/us-central1/functions/createResidentPhoneVerificationCode","buildConfig":{"runtime":"nodejs20","entryPoint":"createResidentPhoneVerificationCode","source":{"storageSource":{"bucket":"gcf-v2-sources-1029210239146-us-central1","object":"createResidentPhoneVerificationCode/function-source.zip","generation":"1778961594822692"}},"environmentVariables":{"GOOGLE_NODE_RUN_SCRIPTS":""},"serviceAccount":"projects/powiat-decyduje/serviceAccounts/1029210239146-compute@developer.gserviceaccount.com","automaticUpdatePolicy":{}},"serviceConfig":{"service":"projects/powiat-decyduje/locations/us-central1/services/createresidentphoneverificationcode","timeoutSeconds":60,"environmentVariables":{"FIREBASE_CONFIG":"{\"projectId\":\"powiat-decyduje\",\"storageBucket\":\"powiat-decyduje.firebasestorage.app\"}","GCLOUD_PROJECT":"powiat-decyduje","EVENTARC_CLOUD_EVENT_SOURCE":"projects/powiat-decyduje/locations/REGION_TBD/services/createResidentPhoneVerificationCode","FUNCTION_TARGET":"createResidentPhoneVerificationCode","LOG_EXECUTION_ID":"true"},"ingressSettings":"ALLOW_ALL","serviceAccountEmail":"1029210239146-compute@developer.gserviceaccount.com","availableMemory":"256Mi","maxInstanceRequestConcurrency":80,"availableCpu":"1"},"labels":{"deployment-tool":"cli-firebase","deployment-callable":"true","firebase-functions-hash":"8cebd0753ff9a33af0e40d4a119e3e84cbf3dc05"},"environment":"GEN_2"},"stages":[{"name":"BUILD","state":"NOT_STARTED","stateMessages":[{"severity":"WARNING","type":"BuildAnalysisWarning","message":"Node.js 20 is no longer supported by the Node.js community as of 30 April, 2026. Runtime nodejs20 is currently deprecated for Cloud Functions. We recommend you to upgrade to the latest version of Node.js as soon as possible."}]},{"name":"SERVICE","state":"NOT_STARTED"}],"operationType":"CREATE_FUNCTION"},"done":false}
[debug] [2026-05-16T19:59:58.317Z] [create-default-us-central1-createResidentPhoneVerificationCode] Retrying task index 0
[debug] [2026-05-16T19:59:58.317Z] Checked if tokens are valid: true, expires at: 1778965100724
[debug] [2026-05-16T19:59:58.317Z] Checked if tokens are valid: true, expires at: 1778965100724
[debug] [2026-05-16T19:59:58.317Z] >>> [apiv2][query] GET https://cloudfunctions.googleapis.com/v2/projects/powiat-decyduje/locations/us-central1/operations/operation-1778961593648-651f4c5dbc381-f5534122-d1ef2ec6 [none]
[debug] [2026-05-16T19:59:59.098Z] <<< [apiv2][status] GET https://cloudfunctions.googleapis.com/v2/projects/powiat-decyduje/locations/us-central1/operations/operation-1778961593648-651f4c5dbc381-f5534122-d1ef2ec6 200
[debug] [2026-05-16T19:59:59.099Z] <<< [apiv2][body] GET https://cloudfunctions.googleapis.com/v2/projects/powiat-decyduje/locations/us-central1/operations/operation-1778961593648-651f4c5dbc381-f5534122-d1ef2ec6 {"name":"projects/powiat-decyduje/locations/us-central1/operations/operation-1778961593648-651f4c5dbc381-f5534122-d1ef2ec6","metadata":{"@type":"type.googleapis.com/google.cloud.functions.v2.OperationMetadata","createTime":"2026-05-16T19:59:55.261883133Z","target":"projects/powiat-decyduje/locations/us-central1/functions/createResidentPhoneVerificationCode","verb":"create","cancelRequested":false,"apiVersion":"v2","requestResource":{"@type":"type.googleapis.com/google.cloud.functions.v2.Function","name":"projects/powiat-decyduje/locations/us-central1/functions/createResidentPhoneVerificationCode","buildConfig":{"runtime":"nodejs20","entryPoint":"createResidentPhoneVerificationCode","source":{"storageSource":{"bucket":"gcf-v2-sources-1029210239146-us-central1","object":"createResidentPhoneVerificationCode/function-source.zip","generation":"1778961594822692"}},"environmentVariables":{"GOOGLE_NODE_RUN_SCRIPTS":""},"serviceAccount":"projects/powiat-decyduje/serviceAccounts/1029210239146-compute@developer.gserviceaccount.com","automaticUpdatePolicy":{}},"serviceConfig":{"service":"projects/powiat-decyduje/locations/us-central1/services/createresidentphoneverificationcode","timeoutSeconds":60,"environmentVariables":{"FIREBASE_CONFIG":"{\"projectId\":\"powiat-decyduje\",\"storageBucket\":\"powiat-decyduje.firebasestorage.app\"}","GCLOUD_PROJECT":"powiat-decyduje","EVENTARC_CLOUD_EVENT_SOURCE":"projects/powiat-decyduje/locations/REGION_TBD/services/createResidentPhoneVerificationCode","FUNCTION_TARGET":"createResidentPhoneVerificationCode","LOG_EXECUTION_ID":"true"},"ingressSettings":"ALLOW_ALL","serviceAccountEmail":"1029210239146-compute@developer.gserviceaccount.com","availableMemory":"256Mi","maxInstanceRequestConcurrency":80,"availableCpu":"1"},"labels":{"deployment-tool":"cli-firebase","deployment-callable":"true","firebase-functions-hash":"8cebd0753ff9a33af0e40d4a119e3e84cbf3dc05"},"environment":"GEN_2"},"stages":[{"name":"BUILD","state":"NOT_STARTED","stateMessages":[{"severity":"WARNING","type":"BuildAnalysisWarning","message":"Node.js 20 is no longer supported by the Node.js community as of 30 April, 2026. Runtime nodejs20 is currently deprecated for Cloud Functions. We recommend you to upgrade to the latest version of Node.js as soon as possible."}]},{"name":"SERVICE","state":"NOT_STARTED"}],"operationType":"CREATE_FUNCTION"},"done":false}
[debug] [2026-05-16T20:00:01.101Z] [create-default-us-central1-createResidentPhoneVerificationCode] Retrying task index 0
[debug] [2026-05-16T20:00:01.103Z] Checked if tokens are valid: true, expires at: 1778965100724
[debug] [2026-05-16T20:00:01.104Z] Checked if tokens are valid: true, expires at: 1778965100724
[debug] [2026-05-16T20:00:01.104Z] >>> [apiv2][query] GET https://cloudfunctions.googleapis.com/v2/projects/powiat-decyduje/locations/us-central1/operations/operation-1778961593648-651f4c5dbc381-f5534122-d1ef2ec6 [none]
[debug] [2026-05-16T20:00:01.843Z] <<< [apiv2][status] GET https://cloudfunctions.googleapis.com/v2/projects/powiat-decyduje/locations/us-central1/operations/operation-1778961593648-651f4c5dbc381-f5534122-d1ef2ec6 200
[debug] [2026-05-16T20:00:01.843Z] <<< [apiv2][body] GET https://cloudfunctions.googleapis.com/v2/projects/powiat-decyduje/locations/us-central1/operations/operation-1778961593648-651f4c5dbc381-f5534122-d1ef2ec6 {"name":"projects/powiat-decyduje/locations/us-central1/operations/operation-1778961593648-651f4c5dbc381-f5534122-d1ef2ec6","metadata":{"@type":"type.googleapis.com/google.cloud.functions.v2.OperationMetadata","createTime":"2026-05-16T19:59:55.261883133Z","target":"projects/powiat-decyduje/locations/us-central1/functions/createResidentPhoneVerificationCode","verb":"create","cancelRequested":false,"apiVersion":"v2","requestResource":{"@type":"type.googleapis.com/google.cloud.functions.v2.Function","name":"projects/powiat-decyduje/locations/us-central1/functions/createResidentPhoneVerificationCode","buildConfig":{"runtime":"nodejs20","entryPoint":"createResidentPhoneVerificationCode","source":{"storageSource":{"bucket":"gcf-v2-sources-1029210239146-us-central1","object":"createResidentPhoneVerificationCode/function-source.zip","generation":"1778961594822692"}},"environmentVariables":{"GOOGLE_NODE_RUN_SCRIPTS":""},"serviceAccount":"projects/powiat-decyduje/serviceAccounts/1029210239146-compute@developer.gserviceaccount.com","automaticUpdatePolicy":{}},"serviceConfig":{"service":"projects/powiat-decyduje/locations/us-central1/services/createresidentphoneverificationcode","timeoutSeconds":60,"environmentVariables":{"FIREBASE_CONFIG":"{\"projectId\":\"powiat-decyduje\",\"storageBucket\":\"powiat-decyduje.firebasestorage.app\"}","GCLOUD_PROJECT":"powiat-decyduje","EVENTARC_CLOUD_EVENT_SOURCE":"projects/powiat-decyduje/locations/REGION_TBD/services/createResidentPhoneVerificationCode","FUNCTION_TARGET":"createResidentPhoneVerificationCode","LOG_EXECUTION_ID":"true"},"ingressSettings":"ALLOW_ALL","serviceAccountEmail":"1029210239146-compute@developer.gserviceaccount.com","availableMemory":"256Mi","maxInstanceRequestConcurrency":80,"availableCpu":"1"},"labels":{"deployment-tool":"cli-firebase","deployment-callable":"true","firebase-functions-hash":"8cebd0753ff9a33af0e40d4a119e3e84cbf3dc05"},"environment":"GEN_2"},"stages":[{"name":"BUILD","state":"NOT_STARTED","stateMessages":[{"severity":"WARNING","type":"BuildAnalysisWarning","message":"Node.js 20 is no longer supported by the Node.js community as of 30 April, 2026. Runtime nodejs20 is currently deprecated for Cloud Functions. We recommend you to upgrade to the latest version of Node.js as soon as possible."}]},{"name":"SERVICE","state":"NOT_STARTED"}],"operationType":"CREATE_FUNCTION"},"done":false}
[debug] [2026-05-16T20:00:05.845Z] [create-default-us-central1-createResidentPhoneVerificationCode] Retrying task index 0
[debug] [2026-05-16T20:00:05.846Z] Checked if tokens are valid: true, expires at: 1778965100724
[debug] [2026-05-16T20:00:05.846Z] Checked if tokens are valid: true, expires at: 1778965100724
[debug] [2026-05-16T20:00:05.846Z] >>> [apiv2][query] GET https://cloudfunctions.googleapis.com/v2/projects/powiat-decyduje/locations/us-central1/operations/operation-1778961593648-651f4c5dbc381-f5534122-d1ef2ec6 [none]
[debug] [2026-05-16T20:00:07.816Z] <<< [apiv2][status] GET https://cloudfunctions.googleapis.com/v2/projects/powiat-decyduje/locations/us-central1/operations/operation-1778961593648-651f4c5dbc381-f5534122-d1ef2ec6 200
[debug] [2026-05-16T20:00:07.816Z] <<< [apiv2][body] GET https://cloudfunctions.googleapis.com/v2/projects/powiat-decyduje/locations/us-central1/operations/operation-1778961593648-651f4c5dbc381-f5534122-d1ef2ec6 {"name":"projects/powiat-decyduje/locations/us-central1/operations/operation-1778961593648-651f4c5dbc381-f5534122-d1ef2ec6","metadata":{"@type":"type.googleapis.com/google.cloud.functions.v2.OperationMetadata","createTime":"2026-05-16T19:59:55.261883133Z","target":"projects/powiat-decyduje/locations/us-central1/functions/createResidentPhoneVerificationCode","verb":"create","cancelRequested":false,"apiVersion":"v2","requestResource":{"@type":"type.googleapis.com/google.cloud.functions.v2.Function","name":"projects/powiat-decyduje/locations/us-central1/functions/createResidentPhoneVerificationCode","buildConfig":{"runtime":"nodejs20","entryPoint":"createResidentPhoneVerificationCode","source":{"storageSource":{"bucket":"gcf-v2-sources-1029210239146-us-central1","object":"createResidentPhoneVerificationCode/function-source.zip","generation":"1778961594822692"}},"environmentVariables":{"GOOGLE_NODE_RUN_SCRIPTS":""},"serviceAccount":"projects/powiat-decyduje/serviceAccounts/1029210239146-compute@developer.gserviceaccount.com","automaticUpdatePolicy":{}},"serviceConfig":{"service":"projects/powiat-decyduje/locations/us-central1/services/createresidentphoneverificationcode","timeoutSeconds":60,"environmentVariables":{"FIREBASE_CONFIG":"{\"projectId\":\"powiat-decyduje\",\"storageBucket\":\"powiat-decyduje.firebasestorage.app\"}","GCLOUD_PROJECT":"powiat-decyduje","EVENTARC_CLOUD_EVENT_SOURCE":"projects/powiat-decyduje/locations/REGION_TBD/services/createResidentPhoneVerificationCode","FUNCTION_TARGET":"createResidentPhoneVerificationCode","LOG_EXECUTION_ID":"true"},"ingressSettings":"ALLOW_ALL","serviceAccountEmail":"1029210239146-compute@developer.gserviceaccount.com","availableMemory":"256Mi","maxInstanceRequestConcurrency":80,"availableCpu":"1"},"labels":{"deployment-tool":"cli-firebase","deployment-callable":"true","firebase-functions-hash":"8cebd0753ff9a33af0e40d4a119e3e84cbf3dc05"},"environment":"GEN_2"},"stages":[{"name":"BUILD","state":"NOT_STARTED","stateMessages":[{"severity":"WARNING","type":"BuildAnalysisWarning","message":"Node.js 20 is no longer supported by the Node.js community as of 30 April, 2026. Runtime nodejs20 is currently deprecated for Cloud Functions. We recommend you to upgrade to the latest version of Node.js as soon as possible."}]},{"name":"SERVICE","state":"NOT_STARTED"}],"operationType":"CREATE_FUNCTION"},"done":false}
[debug] [2026-05-16T20:00:15.818Z] [create-default-us-central1-createResidentPhoneVerificationCode] Retrying task index 0
[debug] [2026-05-16T20:00:15.818Z] Checked if tokens are valid: true, expires at: 1778965100724
[debug] [2026-05-16T20:00:15.818Z] Checked if tokens are valid: true, expires at: 1778965100724
[debug] [2026-05-16T20:00:15.818Z] >>> [apiv2][query] GET https://cloudfunctions.googleapis.com/v2/projects/powiat-decyduje/locations/us-central1/operations/operation-1778961593648-651f4c5dbc381-f5534122-d1ef2ec6 [none]
[debug] [2026-05-16T20:00:16.737Z] <<< [apiv2][status] GET https://cloudfunctions.googleapis.com/v2/projects/powiat-decyduje/locations/us-central1/operations/operation-1778961593648-651f4c5dbc381-f5534122-d1ef2ec6 200
[debug] [2026-05-16T20:00:16.737Z] <<< [apiv2][body] GET https://cloudfunctions.googleapis.com/v2/projects/powiat-decyduje/locations/us-central1/operations/operation-1778961593648-651f4c5dbc381-f5534122-d1ef2ec6 {"name":"projects/powiat-decyduje/locations/us-central1/operations/operation-1778961593648-651f4c5dbc381-f5534122-d1ef2ec6","metadata":{"@type":"type.googleapis.com/google.cloud.functions.v2.OperationMetadata","createTime":"2026-05-16T19:59:55.261883133Z","target":"projects/powiat-decyduje/locations/us-central1/functions/createResidentPhoneVerificationCode","verb":"create","cancelRequested":false,"apiVersion":"v2","requestResource":{"@type":"type.googleapis.com/google.cloud.functions.v2.Function","name":"projects/powiat-decyduje/locations/us-central1/functions/createResidentPhoneVerificationCode","buildConfig":{"runtime":"nodejs20","entryPoint":"createResidentPhoneVerificationCode","source":{"storageSource":{"bucket":"gcf-v2-sources-1029210239146-us-central1","object":"createResidentPhoneVerificationCode/function-source.zip","generation":"1778961594822692"}},"environmentVariables":{"GOOGLE_NODE_RUN_SCRIPTS":""},"serviceAccount":"projects/powiat-decyduje/serviceAccounts/1029210239146-compute@developer.gserviceaccount.com","automaticUpdatePolicy":{}},"serviceConfig":{"service":"projects/powiat-decyduje/locations/us-central1/services/createresidentphoneverificationcode","timeoutSeconds":60,"environmentVariables":{"FIREBASE_CONFIG":"{\"projectId\":\"powiat-decyduje\",\"storageBucket\":\"powiat-decyduje.firebasestorage.app\"}","GCLOUD_PROJECT":"powiat-decyduje","EVENTARC_CLOUD_EVENT_SOURCE":"projects/powiat-decyduje/locations/REGION_TBD/services/createResidentPhoneVerificationCode","FUNCTION_TARGET":"createResidentPhoneVerificationCode","LOG_EXECUTION_ID":"true"},"ingressSettings":"ALLOW_ALL","serviceAccountEmail":"1029210239146-compute@developer.gserviceaccount.com","availableMemory":"256Mi","maxInstanceRequestConcurrency":80,"availableCpu":"1"},"labels":{"deployment-tool":"cli-firebase","deployment-callable":"true","firebase-functions-hash":"8cebd0753ff9a33af0e40d4a119e3e84cbf3dc05"},"environment":"GEN_2"},"stages":[{"name":"BUILD","message":"Build in progress","state":"IN_PROGRESS","resource":"projects/1029210239146/locations/us-central1/builds/79f9ff71-c66e-4c35-bf41-f1ede2fc483d","resourceUri":"https://console.cloud.google.com/cloud-build/builds;region=us-central1/79f9ff71-c66e-4c35-bf41-f1ede2fc483d?project=1029210239146"},{"name":"SERVICE","state":"NOT_STARTED"}],"operationType":"CREATE_FUNCTION","buildName":"projects/1029210239146/locations/us-central1/builds/79f9ff71-c66e-4c35-bf41-f1ede2fc483d"},"done":false}
[debug] [2026-05-16T20:00:26.739Z] [create-default-us-central1-createResidentPhoneVerificationCode] Retrying task index 0
[debug] [2026-05-16T20:00:26.739Z] Checked if tokens are valid: true, expires at: 1778965100724
[debug] [2026-05-16T20:00:26.739Z] Checked if tokens are valid: true, expires at: 1778965100724
[debug] [2026-05-16T20:00:26.739Z] >>> [apiv2][query] GET https://cloudfunctions.googleapis.com/v2/projects/powiat-decyduje/locations/us-central1/operations/operation-1778961593648-651f4c5dbc381-f5534122-d1ef2ec6 [none]
[debug] [2026-05-16T20:00:27.693Z] <<< [apiv2][status] GET https://cloudfunctions.googleapis.com/v2/projects/powiat-decyduje/locations/us-central1/operations/operation-1778961593648-651f4c5dbc381-f5534122-d1ef2ec6 200
[debug] [2026-05-16T20:00:27.693Z] <<< [apiv2][body] GET https://cloudfunctions.googleapis.com/v2/projects/powiat-decyduje/locations/us-central1/operations/operation-1778961593648-651f4c5dbc381-f5534122-d1ef2ec6 {"name":"projects/powiat-decyduje/locations/us-central1/operations/operation-1778961593648-651f4c5dbc381-f5534122-d1ef2ec6","metadata":{"@type":"type.googleapis.com/google.cloud.functions.v2.OperationMetadata","createTime":"2026-05-16T19:59:55.261883133Z","target":"projects/powiat-decyduje/locations/us-central1/functions/createResidentPhoneVerificationCode","verb":"create","cancelRequested":false,"apiVersion":"v2","requestResource":{"@type":"type.googleapis.com/google.cloud.functions.v2.Function","name":"projects/powiat-decyduje/locations/us-central1/functions/createResidentPhoneVerificationCode","buildConfig":{"runtime":"nodejs20","entryPoint":"createResidentPhoneVerificationCode","source":{"storageSource":{"bucket":"gcf-v2-sources-1029210239146-us-central1","object":"createResidentPhoneVerificationCode/function-source.zip","generation":"1778961594822692"}},"environmentVariables":{"GOOGLE_NODE_RUN_SCRIPTS":""},"serviceAccount":"projects/powiat-decyduje/serviceAccounts/1029210239146-compute@developer.gserviceaccount.com","automaticUpdatePolicy":{}},"serviceConfig":{"service":"projects/powiat-decyduje/locations/us-central1/services/createresidentphoneverificationcode","timeoutSeconds":60,"environmentVariables":{"FIREBASE_CONFIG":"{\"projectId\":\"powiat-decyduje\",\"storageBucket\":\"powiat-decyduje.firebasestorage.app\"}","GCLOUD_PROJECT":"powiat-decyduje","EVENTARC_CLOUD_EVENT_SOURCE":"projects/powiat-decyduje/locations/REGION_TBD/services/createResidentPhoneVerificationCode","FUNCTION_TARGET":"createResidentPhoneVerificationCode","LOG_EXECUTION_ID":"true"},"ingressSettings":"ALLOW_ALL","serviceAccountEmail":"1029210239146-compute@developer.gserviceaccount.com","availableMemory":"256Mi","maxInstanceRequestConcurrency":80,"availableCpu":"1"},"labels":{"deployment-tool":"cli-firebase","deployment-callable":"true","firebase-functions-hash":"8cebd0753ff9a33af0e40d4a119e3e84cbf3dc05"},"environment":"GEN_2"},"stages":[{"name":"BUILD","message":"Build in progress","state":"IN_PROGRESS","resource":"projects/1029210239146/locations/us-central1/builds/79f9ff71-c66e-4c35-bf41-f1ede2fc483d","resourceUri":"https://console.cloud.google.com/cloud-build/builds;region=us-central1/79f9ff71-c66e-4c35-bf41-f1ede2fc483d?project=1029210239146"},{"name":"SERVICE","state":"NOT_STARTED"}],"operationType":"CREATE_FUNCTION","buildName":"projects/1029210239146/locations/us-central1/builds/79f9ff71-c66e-4c35-bf41-f1ede2fc483d"},"done":false}
[debug] [2026-05-16T20:00:37.695Z] [create-default-us-central1-createResidentPhoneVerificationCode] Retrying task index 0
[debug] [2026-05-16T20:00:37.696Z] Checked if tokens are valid: true, expires at: 1778965100724
[debug] [2026-05-16T20:00:37.697Z] Checked if tokens are valid: true, expires at: 1778965100724
[debug] [2026-05-16T20:00:37.697Z] >>> [apiv2][query] GET https://cloudfunctions.googleapis.com/v2/projects/powiat-decyduje/locations/us-central1/operations/operation-1778961593648-651f4c5dbc381-f5534122-d1ef2ec6 [none]
[debug] [2026-05-16T20:00:38.650Z] <<< [apiv2][status] GET https://cloudfunctions.googleapis.com/v2/projects/powiat-decyduje/locations/us-central1/operations/operation-1778961593648-651f4c5dbc381-f5534122-d1ef2ec6 200
[debug] [2026-05-16T20:00:38.650Z] <<< [apiv2][body] GET https://cloudfunctions.googleapis.com/v2/projects/powiat-decyduje/locations/us-central1/operations/operation-1778961593648-651f4c5dbc381-f5534122-d1ef2ec6 {"name":"projects/powiat-decyduje/locations/us-central1/operations/operation-1778961593648-651f4c5dbc381-f5534122-d1ef2ec6","metadata":{"@type":"type.googleapis.com/google.cloud.functions.v2.OperationMetadata","createTime":"2026-05-16T19:59:55.261883133Z","target":"projects/powiat-decyduje/locations/us-central1/functions/createResidentPhoneVerificationCode","verb":"create","cancelRequested":false,"apiVersion":"v2","requestResource":{"@type":"type.googleapis.com/google.cloud.functions.v2.Function","name":"projects/powiat-decyduje/locations/us-central1/functions/createResidentPhoneVerificationCode","buildConfig":{"runtime":"nodejs20","entryPoint":"createResidentPhoneVerificationCode","source":{"storageSource":{"bucket":"gcf-v2-sources-1029210239146-us-central1","object":"createResidentPhoneVerificationCode/function-source.zip","generation":"1778961594822692"}},"environmentVariables":{"GOOGLE_NODE_RUN_SCRIPTS":""},"serviceAccount":"projects/powiat-decyduje/serviceAccounts/1029210239146-compute@developer.gserviceaccount.com","automaticUpdatePolicy":{}},"serviceConfig":{"service":"projects/powiat-decyduje/locations/us-central1/services/createresidentphoneverificationcode","timeoutSeconds":60,"environmentVariables":{"FIREBASE_CONFIG":"{\"projectId\":\"powiat-decyduje\",\"storageBucket\":\"powiat-decyduje.firebasestorage.app\"}","GCLOUD_PROJECT":"powiat-decyduje","EVENTARC_CLOUD_EVENT_SOURCE":"projects/powiat-decyduje/locations/REGION_TBD/services/createResidentPhoneVerificationCode","FUNCTION_TARGET":"createResidentPhoneVerificationCode","LOG_EXECUTION_ID":"true"},"ingressSettings":"ALLOW_ALL","serviceAccountEmail":"1029210239146-compute@developer.gserviceaccount.com","availableMemory":"256Mi","maxInstanceRequestConcurrency":80,"availableCpu":"1"},"labels":{"deployment-tool":"cli-firebase","deployment-callable":"true","firebase-functions-hash":"8cebd0753ff9a33af0e40d4a119e3e84cbf3dc05"},"environment":"GEN_2"},"stages":[{"name":"BUILD","message":"Build in progress","state":"IN_PROGRESS","resource":"projects/1029210239146/locations/us-central1/builds/79f9ff71-c66e-4c35-bf41-f1ede2fc483d","resourceUri":"https://console.cloud.google.com/cloud-build/builds;region=us-central1/79f9ff71-c66e-4c35-bf41-f1ede2fc483d?project=1029210239146"},{"name":"SERVICE","state":"NOT_STARTED"}],"operationType":"CREATE_FUNCTION","buildName":"projects/1029210239146/locations/us-central1/builds/79f9ff71-c66e-4c35-bf41-f1ede2fc483d"},"done":false}
[debug] [2026-05-16T20:00:48.652Z] [create-default-us-central1-createResidentPhoneVerificationCode] Retrying task index 0
[debug] [2026-05-16T20:00:48.654Z] Checked if tokens are valid: true, expires at: 1778965100724
[debug] [2026-05-16T20:00:48.654Z] Checked if tokens are valid: true, expires at: 1778965100724
[debug] [2026-05-16T20:00:48.659Z] >>> [apiv2][query] GET https://cloudfunctions.googleapis.com/v2/projects/powiat-decyduje/locations/us-central1/operations/operation-1778961593648-651f4c5dbc381-f5534122-d1ef2ec6 [none]
[debug] [2026-05-16T20:00:49.811Z] <<< [apiv2][status] GET https://cloudfunctions.googleapis.com/v2/projects/powiat-decyduje/locations/us-central1/operations/operation-1778961593648-651f4c5dbc381-f5534122-d1ef2ec6 200
[debug] [2026-05-16T20:00:49.811Z] <<< [apiv2][body] GET https://cloudfunctions.googleapis.com/v2/projects/powiat-decyduje/locations/us-central1/operations/operation-1778961593648-651f4c5dbc381-f5534122-d1ef2ec6 {"name":"projects/powiat-decyduje/locations/us-central1/operations/operation-1778961593648-651f4c5dbc381-f5534122-d1ef2ec6","metadata":{"@type":"type.googleapis.com/google.cloud.functions.v2.OperationMetadata","createTime":"2026-05-16T19:59:55.261883133Z","target":"projects/powiat-decyduje/locations/us-central1/functions/createResidentPhoneVerificationCode","verb":"create","cancelRequested":false,"apiVersion":"v2","requestResource":{"@type":"type.googleapis.com/google.cloud.functions.v2.Function","name":"projects/powiat-decyduje/locations/us-central1/functions/createResidentPhoneVerificationCode","buildConfig":{"runtime":"nodejs20","entryPoint":"createResidentPhoneVerificationCode","source":{"storageSource":{"bucket":"gcf-v2-sources-1029210239146-us-central1","object":"createResidentPhoneVerificationCode/function-source.zip","generation":"1778961594822692"}},"environmentVariables":{"GOOGLE_NODE_RUN_SCRIPTS":""},"serviceAccount":"projects/powiat-decyduje/serviceAccounts/1029210239146-compute@developer.gserviceaccount.com","automaticUpdatePolicy":{}},"serviceConfig":{"service":"projects/powiat-decyduje/locations/us-central1/services/createresidentphoneverificationcode","timeoutSeconds":60,"environmentVariables":{"FIREBASE_CONFIG":"{\"projectId\":\"powiat-decyduje\",\"storageBucket\":\"powiat-decyduje.firebasestorage.app\"}","GCLOUD_PROJECT":"powiat-decyduje","EVENTARC_CLOUD_EVENT_SOURCE":"projects/powiat-decyduje/locations/REGION_TBD/services/createResidentPhoneVerificationCode","FUNCTION_TARGET":"createResidentPhoneVerificationCode","LOG_EXECUTION_ID":"true"},"ingressSettings":"ALLOW_ALL","serviceAccountEmail":"1029210239146-compute@developer.gserviceaccount.com","availableMemory":"256Mi","maxInstanceRequestConcurrency":80,"availableCpu":"1"},"labels":{"deployment-tool":"cli-firebase","deployment-callable":"true","firebase-functions-hash":"8cebd0753ff9a33af0e40d4a119e3e84cbf3dc05"},"environment":"GEN_2"},"stages":[{"name":"BUILD","message":"Build in progress","state":"IN_PROGRESS","resource":"projects/1029210239146/locations/us-central1/builds/79f9ff71-c66e-4c35-bf41-f1ede2fc483d","resourceUri":"https://console.cloud.google.com/cloud-build/builds;region=us-central1/79f9ff71-c66e-4c35-bf41-f1ede2fc483d?project=1029210239146"},{"name":"SERVICE","state":"NOT_STARTED"}],"operationType":"CREATE_FUNCTION","buildName":"projects/1029210239146/locations/us-central1/builds/79f9ff71-c66e-4c35-bf41-f1ede2fc483d"},"done":false}
[debug] [2026-05-16T20:00:59.813Z] [create-default-us-central1-createResidentPhoneVerificationCode] Retrying task index 0
[debug] [2026-05-16T20:00:59.814Z] Checked if tokens are valid: true, expires at: 1778965100724
[debug] [2026-05-16T20:00:59.814Z] Checked if tokens are valid: true, expires at: 1778965100724
[debug] [2026-05-16T20:00:59.814Z] >>> [apiv2][query] GET https://cloudfunctions.googleapis.com/v2/projects/powiat-decyduje/locations/us-central1/operations/operation-1778961593648-651f4c5dbc381-f5534122-d1ef2ec6 [none]
[debug] [2026-05-16T20:01:00.770Z] <<< [apiv2][status] GET https://cloudfunctions.googleapis.com/v2/projects/powiat-decyduje/locations/us-central1/operations/operation-1778961593648-651f4c5dbc381-f5534122-d1ef2ec6 200
[debug] [2026-05-16T20:01:00.770Z] <<< [apiv2][body] GET https://cloudfunctions.googleapis.com/v2/projects/powiat-decyduje/locations/us-central1/operations/operation-1778961593648-651f4c5dbc381-f5534122-d1ef2ec6 {"name":"projects/powiat-decyduje/locations/us-central1/operations/operation-1778961593648-651f4c5dbc381-f5534122-d1ef2ec6","metadata":{"@type":"type.googleapis.com/google.cloud.functions.v2.OperationMetadata","createTime":"2026-05-16T19:59:55.261883133Z","endTime":"2026-05-16T20:00:52.528017576Z","target":"projects/powiat-decyduje/locations/us-central1/functions/createResidentPhoneVerificationCode","verb":"create","cancelRequested":false,"apiVersion":"v2","requestResource":{"@type":"type.googleapis.com/google.cloud.functions.v2.Function","name":"projects/powiat-decyduje/locations/us-central1/functions/createResidentPhoneVerificationCode","buildConfig":{"runtime":"nodejs20","entryPoint":"createResidentPhoneVerificationCode","source":{"storageSource":{"bucket":"gcf-v2-sources-1029210239146-us-central1","object":"createResidentPhoneVerificationCode/function-source.zip","generation":"1778961594822692"}},"environmentVariables":{"GOOGLE_NODE_RUN_SCRIPTS":""},"serviceAccount":"projects/powiat-decyduje/serviceAccounts/1029210239146-compute@developer.gserviceaccount.com","automaticUpdatePolicy":{}},"serviceConfig":{"service":"projects/powiat-decyduje/locations/us-central1/services/createresidentphoneverificationcode","timeoutSeconds":60,"environmentVariables":{"FIREBASE_CONFIG":"{\"projectId\":\"powiat-decyduje\",\"storageBucket\":\"powiat-decyduje.firebasestorage.app\"}","GCLOUD_PROJECT":"powiat-decyduje","EVENTARC_CLOUD_EVENT_SOURCE":"projects/powiat-decyduje/locations/REGION_TBD/services/createResidentPhoneVerificationCode","FUNCTION_TARGET":"createResidentPhoneVerificationCode","LOG_EXECUTION_ID":"true"},"ingressSettings":"ALLOW_ALL","serviceAccountEmail":"1029210239146-compute@developer.gserviceaccount.com","availableMemory":"256Mi","maxInstanceRequestConcurrency":80,"availableCpu":"1"},"labels":{"deployment-tool":"cli-firebase","deployment-callable":"true","firebase-functions-hash":"8cebd0753ff9a33af0e40d4a119e3e84cbf3dc05"},"environment":"GEN_2"},"stages":[{"name":"ARTIFACT_REGISTRY","message":"Deleting function artifacts in Artifact Registry","state":"COMPLETE"},{"name":"SERVICE","message":"Deleting Cloud Run service","state":"COMPLETE","resource":"projects/powiat-decyduje/locations/us-central1/services/createresidentphoneverificationcode"}],"operationType":"CREATE_FUNCTION"},"done":true,"error":{"code":3,"message":"Build failed with status: FAILURE. Could not build the function due to a missing permission on the build service account. If you didn't revoke that permission explicitly, this could be caused by a change in the organization policies. Please refer to the following documentation for more details and resolution: https://cloud.google.com/functions/docs/troubleshooting#build-service-account\n You can also view the logs at https://console.cloud.google.com/cloud-build/builds;region=us-central1/79f9ff71-c66e-4c35-bf41-f1ede2fc483d?project=1029210239146.\n"}}
[debug] [2026-05-16T20:01:00.771Z] Got source token undefined for region us-central1
[debug] [2026-05-16T20:01:00.772Z] Checked if tokens are valid: true, expires at: 1778965100724
[debug] [2026-05-16T20:01:00.772Z] Checked if tokens are valid: true, expires at: 1778965100724
[debug] [2026-05-16T20:01:00.772Z] >>> [apiv2][query] POST https://cloudfunctions.googleapis.com/v2/projects/powiat-decyduje/locations/us-central1/functions functionId=verifyResidentPhoneCode
[debug] [2026-05-16T20:01:00.772Z] >>> [apiv2][body] POST https://cloudfunctions.googleapis.com/v2/projects/powiat-decyduje/locations/us-central1/functions {"name":"projects/powiat-decyduje/locations/us-central1/functions/verifyResidentPhoneCode","buildConfig":{"runtime":"nodejs20","entryPoint":"verifyResidentPhoneCode","source":{"storageSource":{"bucket":"gcf-v2-uploads-1029210239146.us-central1.cloudfunctions.appspot.com","object":"accc61a5-270b-41ac-a2e3-9f416d4d2eeb.zip"}},"environmentVariables":{"GOOGLE_NODE_RUN_SCRIPTS":""}},"serviceConfig":{"environmentVariables":{"FIREBASE_CONFIG":"{\"projectId\":\"powiat-decyduje\",\"storageBucket\":\"powiat-decyduje.firebasestorage.app\"}","GCLOUD_PROJECT":"powiat-decyduje","EVENTARC_CLOUD_EVENT_SOURCE":"projects/powiat-decyduje/locations/REGION_TBD/services/verifyResidentPhoneCode","FUNCTION_TARGET":"verifyResidentPhoneCode","LOG_EXECUTION_ID":"true"},"ingressSettings":null,"timeoutSeconds":null,"serviceAccountEmail":null,"availableMemory":"256Mi","minInstanceCount":null,"maxInstanceCount":null,"maxInstanceRequestConcurrency":80,"availableCpu":"1","vpcConnector":null,"vpcConnectorEgressSettings":null,"directVpcNetworkInterface":null,"directVpcEgress":null},"labels":{"deployment-tool":"cli-firebase","deployment-callable":"true","firebase-functions-hash":"8cebd0753ff9a33af0e40d4a119e3e84cbf3dc05"}}
[error] Build failed with status: FAILURE. Could not build the function due to a missing permission on the build service account. If you didn't revoke that permission explicitly, this could be caused by a change in the organization policies. Please refer to the following documentation for more details and resolution: https://cloud.google.com/functions/docs/troubleshooting#build-service-account
 You can also view the logs at https://console.cloud.google.com/cloud-build/builds;region=us-central1/79f9ff71-c66e-4c35-bf41-f1ede2fc483d?project=1029210239146.

[debug] [2026-05-16T20:01:02.020Z] <<< [apiv2][status] POST https://cloudfunctions.googleapis.com/v2/projects/powiat-decyduje/locations/us-central1/functions 200
[debug] [2026-05-16T20:01:02.021Z] <<< [apiv2][body] POST https://cloudfunctions.googleapis.com/v2/projects/powiat-decyduje/locations/us-central1/functions {"name":"projects/powiat-decyduje/locations/us-central1/operations/operation-1778961661601-651f4c9e8a5aa-2e1d3afd-7c878c84","metadata":{"@type":"type.googleapis.com/google.cloud.functions.v2.OperationMetadata","createTime":"2026-05-16T20:01:02.057051841Z","target":"projects/powiat-decyduje/locations/us-central1/functions/verifyResidentPhoneCode","verb":"create","cancelRequested":false,"apiVersion":"v2"},"done":false}
[debug] [2026-05-16T20:01:02.021Z] Checked if tokens are valid: true, expires at: 1778965100724
[debug] [2026-05-16T20:01:02.021Z] Checked if tokens are valid: true, expires at: 1778965100724
[debug] [2026-05-16T20:01:02.021Z] >>> [apiv2][query] GET https://cloudfunctions.googleapis.com/v2/projects/powiat-decyduje/locations/us-central1/operations/operation-1778961661601-651f4c9e8a5aa-2e1d3afd-7c878c84 [none]
[debug] [2026-05-16T20:01:02.771Z] <<< [apiv2][status] GET https://cloudfunctions.googleapis.com/v2/projects/powiat-decyduje/locations/us-central1/operations/operation-1778961661601-651f4c9e8a5aa-2e1d3afd-7c878c84 200
[debug] [2026-05-16T20:01:02.771Z] <<< [apiv2][body] GET https://cloudfunctions.googleapis.com/v2/projects/powiat-decyduje/locations/us-central1/operations/operation-1778961661601-651f4c9e8a5aa-2e1d3afd-7c878c84 {"name":"projects/powiat-decyduje/locations/us-central1/operations/operation-1778961661601-651f4c9e8a5aa-2e1d3afd-7c878c84","metadata":{"@type":"type.googleapis.com/google.cloud.functions.v2.OperationMetadata","createTime":"2026-05-16T20:01:02.057051841Z","target":"projects/powiat-decyduje/locations/us-central1/functions/verifyResidentPhoneCode","verb":"create","cancelRequested":false,"apiVersion":"v2","requestResource":{"@type":"type.googleapis.com/google.cloud.functions.v2.Function","name":"projects/powiat-decyduje/locations/us-central1/functions/verifyResidentPhoneCode","buildConfig":{"runtime":"nodejs20","entryPoint":"verifyResidentPhoneCode","source":{"storageSource":{"bucket":"gcf-v2-sources-1029210239146-us-central1","object":"verifyResidentPhoneCode/function-source.zip","generation":"1778961661831538"}},"environmentVariables":{"GOOGLE_NODE_RUN_SCRIPTS":""},"serviceAccount":"projects/powiat-decyduje/serviceAccounts/1029210239146-compute@developer.gserviceaccount.com","automaticUpdatePolicy":{}},"serviceConfig":{"service":"projects/powiat-decyduje/locations/us-central1/services/verifyresidentphonecode","timeoutSeconds":60,"environmentVariables":{"FIREBASE_CONFIG":"{\"projectId\":\"powiat-decyduje\",\"storageBucket\":\"powiat-decyduje.firebasestorage.app\"}","GCLOUD_PROJECT":"powiat-decyduje","EVENTARC_CLOUD_EVENT_SOURCE":"projects/powiat-decyduje/locations/REGION_TBD/services/verifyResidentPhoneCode","FUNCTION_TARGET":"verifyResidentPhoneCode","LOG_EXECUTION_ID":"true"},"ingressSettings":"ALLOW_ALL","serviceAccountEmail":"1029210239146-compute@developer.gserviceaccount.com","availableMemory":"256Mi","maxInstanceRequestConcurrency":80,"availableCpu":"1"},"labels":{"deployment-tool":"cli-firebase","deployment-callable":"true","firebase-functions-hash":"8cebd0753ff9a33af0e40d4a119e3e84cbf3dc05"},"environment":"GEN_2"},"stages":[{"name":"BUILD","state":"NOT_STARTED","stateMessages":[{"severity":"WARNING","type":"BuildAnalysisWarning","message":"Node.js 20 is no longer supported by the Node.js community as of 30 April, 2026. Runtime nodejs20 is currently deprecated for Cloud Functions. We recommend you to upgrade to the latest version of Node.js as soon as possible."}]},{"name":"SERVICE","state":"NOT_STARTED"}],"operationType":"CREATE_FUNCTION"},"done":false}
[debug] [2026-05-16T20:01:03.273Z] [create-default-us-central1-verifyResidentPhoneCode] Retrying task index 0
[debug] [2026-05-16T20:01:03.273Z] Checked if tokens are valid: true, expires at: 1778965100724
[debug] [2026-05-16T20:01:03.273Z] Checked if tokens are valid: true, expires at: 1778965100724
[debug] [2026-05-16T20:01:03.273Z] >>> [apiv2][query] GET https://cloudfunctions.googleapis.com/v2/projects/powiat-decyduje/locations/us-central1/operations/operation-1778961661601-651f4c9e8a5aa-2e1d3afd-7c878c84 [none]
[debug] [2026-05-16T20:01:04.017Z] <<< [apiv2][status] GET https://cloudfunctions.googleapis.com/v2/projects/powiat-decyduje/locations/us-central1/operations/operation-1778961661601-651f4c9e8a5aa-2e1d3afd-7c878c84 200
[debug] [2026-05-16T20:01:04.017Z] <<< [apiv2][body] GET https://cloudfunctions.googleapis.com/v2/projects/powiat-decyduje/locations/us-central1/operations/operation-1778961661601-651f4c9e8a5aa-2e1d3afd-7c878c84 {"name":"projects/powiat-decyduje/locations/us-central1/operations/operation-1778961661601-651f4c9e8a5aa-2e1d3afd-7c878c84","metadata":{"@type":"type.googleapis.com/google.cloud.functions.v2.OperationMetadata","createTime":"2026-05-16T20:01:02.057051841Z","target":"projects/powiat-decyduje/locations/us-central1/functions/verifyResidentPhoneCode","verb":"create","cancelRequested":false,"apiVersion":"v2","requestResource":{"@type":"type.googleapis.com/google.cloud.functions.v2.Function","name":"projects/powiat-decyduje/locations/us-central1/functions/verifyResidentPhoneCode","buildConfig":{"runtime":"nodejs20","entryPoint":"verifyResidentPhoneCode","source":{"storageSource":{"bucket":"gcf-v2-sources-1029210239146-us-central1","object":"verifyResidentPhoneCode/function-source.zip","generation":"1778961661831538"}},"environmentVariables":{"GOOGLE_NODE_RUN_SCRIPTS":""},"serviceAccount":"projects/powiat-decyduje/serviceAccounts/1029210239146-compute@developer.gserviceaccount.com","automaticUpdatePolicy":{}},"serviceConfig":{"service":"projects/powiat-decyduje/locations/us-central1/services/verifyresidentphonecode","timeoutSeconds":60,"environmentVariables":{"FIREBASE_CONFIG":"{\"projectId\":\"powiat-decyduje\",\"storageBucket\":\"powiat-decyduje.firebasestorage.app\"}","GCLOUD_PROJECT":"powiat-decyduje","EVENTARC_CLOUD_EVENT_SOURCE":"projects/powiat-decyduje/locations/REGION_TBD/services/verifyResidentPhoneCode","FUNCTION_TARGET":"verifyResidentPhoneCode","LOG_EXECUTION_ID":"true"},"ingressSettings":"ALLOW_ALL","serviceAccountEmail":"1029210239146-compute@developer.gserviceaccount.com","availableMemory":"256Mi","maxInstanceRequestConcurrency":80,"availableCpu":"1"},"labels":{"deployment-tool":"cli-firebase","deployment-callable":"true","firebase-functions-hash":"8cebd0753ff9a33af0e40d4a119e3e84cbf3dc05"},"environment":"GEN_2"},"stages":[{"name":"BUILD","message":"Build in progress","state":"IN_PROGRESS","resource":"projects/1029210239146/locations/us-central1/builds/8fb9729a-b837-4557-b9de-ae5ffa76110e","resourceUri":"https://console.cloud.google.com/cloud-build/builds;region=us-central1/8fb9729a-b837-4557-b9de-ae5ffa76110e?project=1029210239146"},{"name":"SERVICE","state":"NOT_STARTED"}],"operationType":"CREATE_FUNCTION","buildName":"projects/1029210239146/locations/us-central1/builds/8fb9729a-b837-4557-b9de-ae5ffa76110e"},"done":false}
[debug] [2026-05-16T20:01:05.019Z] [create-default-us-central1-verifyResidentPhoneCode] Retrying task index 0
[debug] [2026-05-16T20:01:05.019Z] Checked if tokens are valid: true, expires at: 1778965100724
[debug] [2026-05-16T20:01:05.019Z] Checked if tokens are valid: true, expires at: 1778965100724
[debug] [2026-05-16T20:01:05.019Z] >>> [apiv2][query] GET https://cloudfunctions.googleapis.com/v2/projects/powiat-decyduje/locations/us-central1/operations/operation-1778961661601-651f4c9e8a5aa-2e1d3afd-7c878c84 [none]
[debug] [2026-05-16T20:01:05.788Z] <<< [apiv2][status] GET https://cloudfunctions.googleapis.com/v2/projects/powiat-decyduje/locations/us-central1/operations/operation-1778961661601-651f4c9e8a5aa-2e1d3afd-7c878c84 200
[debug] [2026-05-16T20:01:05.788Z] <<< [apiv2][body] GET https://cloudfunctions.googleapis.com/v2/projects/powiat-decyduje/locations/us-central1/operations/operation-1778961661601-651f4c9e8a5aa-2e1d3afd-7c878c84 {"name":"projects/powiat-decyduje/locations/us-central1/operations/operation-1778961661601-651f4c9e8a5aa-2e1d3afd-7c878c84","metadata":{"@type":"type.googleapis.com/google.cloud.functions.v2.OperationMetadata","createTime":"2026-05-16T20:01:02.057051841Z","target":"projects/powiat-decyduje/locations/us-central1/functions/verifyResidentPhoneCode","verb":"create","cancelRequested":false,"apiVersion":"v2","requestResource":{"@type":"type.googleapis.com/google.cloud.functions.v2.Function","name":"projects/powiat-decyduje/locations/us-central1/functions/verifyResidentPhoneCode","buildConfig":{"runtime":"nodejs20","entryPoint":"verifyResidentPhoneCode","source":{"storageSource":{"bucket":"gcf-v2-sources-1029210239146-us-central1","object":"verifyResidentPhoneCode/function-source.zip","generation":"1778961661831538"}},"environmentVariables":{"GOOGLE_NODE_RUN_SCRIPTS":""},"serviceAccount":"projects/powiat-decyduje/serviceAccounts/1029210239146-compute@developer.gserviceaccount.com","automaticUpdatePolicy":{}},"serviceConfig":{"service":"projects/powiat-decyduje/locations/us-central1/services/verifyresidentphonecode","timeoutSeconds":60,"environmentVariables":{"FIREBASE_CONFIG":"{\"projectId\":\"powiat-decyduje\",\"storageBucket\":\"powiat-decyduje.firebasestorage.app\"}","GCLOUD_PROJECT":"powiat-decyduje","EVENTARC_CLOUD_EVENT_SOURCE":"projects/powiat-decyduje/locations/REGION_TBD/services/verifyResidentPhoneCode","FUNCTION_TARGET":"verifyResidentPhoneCode","LOG_EXECUTION_ID":"true"},"ingressSettings":"ALLOW_ALL","serviceAccountEmail":"1029210239146-compute@developer.gserviceaccount.com","availableMemory":"256Mi","maxInstanceRequestConcurrency":80,"availableCpu":"1"},"labels":{"deployment-tool":"cli-firebase","deployment-callable":"true","firebase-functions-hash":"8cebd0753ff9a33af0e40d4a119e3e84cbf3dc05"},"environment":"GEN_2"},"stages":[{"name":"BUILD","message":"Build in progress","state":"IN_PROGRESS","resource":"projects/1029210239146/locations/us-central1/builds/8fb9729a-b837-4557-b9de-ae5ffa76110e","resourceUri":"https://console.cloud.google.com/cloud-build/builds;region=us-central1/8fb9729a-b837-4557-b9de-ae5ffa76110e?project=1029210239146"},{"name":"SERVICE","state":"NOT_STARTED"}],"operationType":"CREATE_FUNCTION","buildName":"projects/1029210239146/locations/us-central1/builds/8fb9729a-b837-4557-b9de-ae5ffa76110e"},"done":false}
[debug] [2026-05-16T20:01:07.790Z] [create-default-us-central1-verifyResidentPhoneCode] Retrying task index 0
[debug] [2026-05-16T20:01:07.790Z] Checked if tokens are valid: true, expires at: 1778965100724
[debug] [2026-05-16T20:01:07.790Z] Checked if tokens are valid: true, expires at: 1778965100724
[debug] [2026-05-16T20:01:07.790Z] >>> [apiv2][query] GET https://cloudfunctions.googleapis.com/v2/projects/powiat-decyduje/locations/us-central1/operations/operation-1778961661601-651f4c9e8a5aa-2e1d3afd-7c878c84 [none]
[debug] [2026-05-16T20:01:08.654Z] <<< [apiv2][status] GET https://cloudfunctions.googleapis.com/v2/projects/powiat-decyduje/locations/us-central1/operations/operation-1778961661601-651f4c9e8a5aa-2e1d3afd-7c878c84 200
[debug] [2026-05-16T20:01:08.654Z] <<< [apiv2][body] GET https://cloudfunctions.googleapis.com/v2/projects/powiat-decyduje/locations/us-central1/operations/operation-1778961661601-651f4c9e8a5aa-2e1d3afd-7c878c84 {"name":"projects/powiat-decyduje/locations/us-central1/operations/operation-1778961661601-651f4c9e8a5aa-2e1d3afd-7c878c84","metadata":{"@type":"type.googleapis.com/google.cloud.functions.v2.OperationMetadata","createTime":"2026-05-16T20:01:02.057051841Z","target":"projects/powiat-decyduje/locations/us-central1/functions/verifyResidentPhoneCode","verb":"create","cancelRequested":false,"apiVersion":"v2","requestResource":{"@type":"type.googleapis.com/google.cloud.functions.v2.Function","name":"projects/powiat-decyduje/locations/us-central1/functions/verifyResidentPhoneCode","buildConfig":{"runtime":"nodejs20","entryPoint":"verifyResidentPhoneCode","source":{"storageSource":{"bucket":"gcf-v2-sources-1029210239146-us-central1","object":"verifyResidentPhoneCode/function-source.zip","generation":"1778961661831538"}},"environmentVariables":{"GOOGLE_NODE_RUN_SCRIPTS":""},"serviceAccount":"projects/powiat-decyduje/serviceAccounts/1029210239146-compute@developer.gserviceaccount.com","automaticUpdatePolicy":{}},"serviceConfig":{"service":"projects/powiat-decyduje/locations/us-central1/services/verifyresidentphonecode","timeoutSeconds":60,"environmentVariables":{"FIREBASE_CONFIG":"{\"projectId\":\"powiat-decyduje\",\"storageBucket\":\"powiat-decyduje.firebasestorage.app\"}","GCLOUD_PROJECT":"powiat-decyduje","EVENTARC_CLOUD_EVENT_SOURCE":"projects/powiat-decyduje/locations/REGION_TBD/services/verifyResidentPhoneCode","FUNCTION_TARGET":"verifyResidentPhoneCode","LOG_EXECUTION_ID":"true"},"ingressSettings":"ALLOW_ALL","serviceAccountEmail":"1029210239146-compute@developer.gserviceaccount.com","availableMemory":"256Mi","maxInstanceRequestConcurrency":80,"availableCpu":"1"},"labels":{"deployment-tool":"cli-firebase","deployment-callable":"true","firebase-functions-hash":"8cebd0753ff9a33af0e40d4a119e3e84cbf3dc05"},"environment":"GEN_2"},"stages":[{"name":"BUILD","message":"Build in progress","state":"IN_PROGRESS","resource":"projects/1029210239146/locations/us-central1/builds/8fb9729a-b837-4557-b9de-ae5ffa76110e","resourceUri":"https://console.cloud.google.com/cloud-build/builds;region=us-central1/8fb9729a-b837-4557-b9de-ae5ffa76110e?project=1029210239146"},{"name":"SERVICE","state":"NOT_STARTED"}],"operationType":"CREATE_FUNCTION","buildName":"projects/1029210239146/locations/us-central1/builds/8fb9729a-b837-4557-b9de-ae5ffa76110e"},"done":false}
[debug] [2026-05-16T20:01:12.654Z] [create-default-us-central1-verifyResidentPhoneCode] Retrying task index 0
[debug] [2026-05-16T20:01:12.655Z] Checked if tokens are valid: true, expires at: 1778965100724
[debug] [2026-05-16T20:01:12.655Z] Checked if tokens are valid: true, expires at: 1778965100724
[debug] [2026-05-16T20:01:12.655Z] >>> [apiv2][query] GET https://cloudfunctions.googleapis.com/v2/projects/powiat-decyduje/locations/us-central1/operations/operation-1778961661601-651f4c9e8a5aa-2e1d3afd-7c878c84 [none]
[debug] [2026-05-16T20:01:13.464Z] <<< [apiv2][status] GET https://cloudfunctions.googleapis.com/v2/projects/powiat-decyduje/locations/us-central1/operations/operation-1778961661601-651f4c9e8a5aa-2e1d3afd-7c878c84 200
[debug] [2026-05-16T20:01:13.465Z] <<< [apiv2][body] GET https://cloudfunctions.googleapis.com/v2/projects/powiat-decyduje/locations/us-central1/operations/operation-1778961661601-651f4c9e8a5aa-2e1d3afd-7c878c84 {"name":"projects/powiat-decyduje/locations/us-central1/operations/operation-1778961661601-651f4c9e8a5aa-2e1d3afd-7c878c84","metadata":{"@type":"type.googleapis.com/google.cloud.functions.v2.OperationMetadata","createTime":"2026-05-16T20:01:02.057051841Z","target":"projects/powiat-decyduje/locations/us-central1/functions/verifyResidentPhoneCode","verb":"create","cancelRequested":false,"apiVersion":"v2","requestResource":{"@type":"type.googleapis.com/google.cloud.functions.v2.Function","name":"projects/powiat-decyduje/locations/us-central1/functions/verifyResidentPhoneCode","buildConfig":{"runtime":"nodejs20","entryPoint":"verifyResidentPhoneCode","source":{"storageSource":{"bucket":"gcf-v2-sources-1029210239146-us-central1","object":"verifyResidentPhoneCode/function-source.zip","generation":"1778961661831538"}},"environmentVariables":{"GOOGLE_NODE_RUN_SCRIPTS":""},"serviceAccount":"projects/powiat-decyduje/serviceAccounts/1029210239146-compute@developer.gserviceaccount.com","automaticUpdatePolicy":{}},"serviceConfig":{"service":"projects/powiat-decyduje/locations/us-central1/services/verifyresidentphonecode","timeoutSeconds":60,"environmentVariables":{"FIREBASE_CONFIG":"{\"projectId\":\"powiat-decyduje\",\"storageBucket\":\"powiat-decyduje.firebasestorage.app\"}","GCLOUD_PROJECT":"powiat-decyduje","EVENTARC_CLOUD_EVENT_SOURCE":"projects/powiat-decyduje/locations/REGION_TBD/services/verifyResidentPhoneCode","FUNCTION_TARGET":"verifyResidentPhoneCode","LOG_EXECUTION_ID":"true"},"ingressSettings":"ALLOW_ALL","serviceAccountEmail":"1029210239146-compute@developer.gserviceaccount.com","availableMemory":"256Mi","maxInstanceRequestConcurrency":80,"availableCpu":"1"},"labels":{"deployment-tool":"cli-firebase","deployment-callable":"true","firebase-functions-hash":"8cebd0753ff9a33af0e40d4a119e3e84cbf3dc05"},"environment":"GEN_2"},"stages":[{"name":"BUILD","message":"Build in progress","state":"IN_PROGRESS","resource":"projects/1029210239146/locations/us-central1/builds/8fb9729a-b837-4557-b9de-ae5ffa76110e","resourceUri":"https://console.cloud.google.com/cloud-build/builds;region=us-central1/8fb9729a-b837-4557-b9de-ae5ffa76110e?project=1029210239146"},{"name":"SERVICE","state":"NOT_STARTED"}],"operationType":"CREATE_FUNCTION","buildName":"projects/1029210239146/locations/us-central1/builds/8fb9729a-b837-4557-b9de-ae5ffa76110e"},"done":false}
[debug] [2026-05-16T20:01:21.466Z] [create-default-us-central1-verifyResidentPhoneCode] Retrying task index 0
[debug] [2026-05-16T20:01:21.466Z] Checked if tokens are valid: true, expires at: 1778965100724
[debug] [2026-05-16T20:01:21.466Z] Checked if tokens are valid: true, expires at: 1778965100724
[debug] [2026-05-16T20:01:21.466Z] >>> [apiv2][query] GET https://cloudfunctions.googleapis.com/v2/projects/powiat-decyduje/locations/us-central1/operations/operation-1778961661601-651f4c9e8a5aa-2e1d3afd-7c878c84 [none]
[debug] [2026-05-16T20:01:22.375Z] <<< [apiv2][status] GET https://cloudfunctions.googleapis.com/v2/projects/powiat-decyduje/locations/us-central1/operations/operation-1778961661601-651f4c9e8a5aa-2e1d3afd-7c878c84 200
[debug] [2026-05-16T20:01:22.375Z] <<< [apiv2][body] GET https://cloudfunctions.googleapis.com/v2/projects/powiat-decyduje/locations/us-central1/operations/operation-1778961661601-651f4c9e8a5aa-2e1d3afd-7c878c84 {"name":"projects/powiat-decyduje/locations/us-central1/operations/operation-1778961661601-651f4c9e8a5aa-2e1d3afd-7c878c84","metadata":{"@type":"type.googleapis.com/google.cloud.functions.v2.OperationMetadata","createTime":"2026-05-16T20:01:02.057051841Z","target":"projects/powiat-decyduje/locations/us-central1/functions/verifyResidentPhoneCode","verb":"create","cancelRequested":false,"apiVersion":"v2","requestResource":{"@type":"type.googleapis.com/google.cloud.functions.v2.Function","name":"projects/powiat-decyduje/locations/us-central1/functions/verifyResidentPhoneCode","buildConfig":{"runtime":"nodejs20","entryPoint":"verifyResidentPhoneCode","source":{"storageSource":{"bucket":"gcf-v2-sources-1029210239146-us-central1","object":"verifyResidentPhoneCode/function-source.zip","generation":"1778961661831538"}},"environmentVariables":{"GOOGLE_NODE_RUN_SCRIPTS":""},"serviceAccount":"projects/powiat-decyduje/serviceAccounts/1029210239146-compute@developer.gserviceaccount.com","automaticUpdatePolicy":{}},"serviceConfig":{"service":"projects/powiat-decyduje/locations/us-central1/services/verifyresidentphonecode","timeoutSeconds":60,"environmentVariables":{"FIREBASE_CONFIG":"{\"projectId\":\"powiat-decyduje\",\"storageBucket\":\"powiat-decyduje.firebasestorage.app\"}","GCLOUD_PROJECT":"powiat-decyduje","EVENTARC_CLOUD_EVENT_SOURCE":"projects/powiat-decyduje/locations/REGION_TBD/services/verifyResidentPhoneCode","FUNCTION_TARGET":"verifyResidentPhoneCode","LOG_EXECUTION_ID":"true"},"ingressSettings":"ALLOW_ALL","serviceAccountEmail":"1029210239146-compute@developer.gserviceaccount.com","availableMemory":"256Mi","maxInstanceRequestConcurrency":80,"availableCpu":"1"},"labels":{"deployment-tool":"cli-firebase","deployment-callable":"true","firebase-functions-hash":"8cebd0753ff9a33af0e40d4a119e3e84cbf3dc05"},"environment":"GEN_2"},"stages":[{"name":"BUILD","message":"Build in progress","state":"IN_PROGRESS","resource":"projects/1029210239146/locations/us-central1/builds/8fb9729a-b837-4557-b9de-ae5ffa76110e","resourceUri":"https://console.cloud.google.com/cloud-build/builds;region=us-central1/8fb9729a-b837-4557-b9de-ae5ffa76110e?project=1029210239146"},{"name":"SERVICE","state":"NOT_STARTED"}],"operationType":"CREATE_FUNCTION","buildName":"projects/1029210239146/locations/us-central1/builds/8fb9729a-b837-4557-b9de-ae5ffa76110e"},"done":false}
[debug] [2026-05-16T20:01:32.376Z] [create-default-us-central1-verifyResidentPhoneCode] Retrying task index 0
[debug] [2026-05-16T20:01:32.377Z] Checked if tokens are valid: true, expires at: 1778965100724
[debug] [2026-05-16T20:01:32.377Z] Checked if tokens are valid: true, expires at: 1778965100724
[debug] [2026-05-16T20:01:32.377Z] >>> [apiv2][query] GET https://cloudfunctions.googleapis.com/v2/projects/powiat-decyduje/locations/us-central1/operations/operation-1778961661601-651f4c9e8a5aa-2e1d3afd-7c878c84 [none]
[debug] [2026-05-16T20:01:33.331Z] <<< [apiv2][status] GET https://cloudfunctions.googleapis.com/v2/projects/powiat-decyduje/locations/us-central1/operations/operation-1778961661601-651f4c9e8a5aa-2e1d3afd-7c878c84 200
[debug] [2026-05-16T20:01:33.331Z] <<< [apiv2][body] GET https://cloudfunctions.googleapis.com/v2/projects/powiat-decyduje/locations/us-central1/operations/operation-1778961661601-651f4c9e8a5aa-2e1d3afd-7c878c84 {"name":"projects/powiat-decyduje/locations/us-central1/operations/operation-1778961661601-651f4c9e8a5aa-2e1d3afd-7c878c84","metadata":{"@type":"type.googleapis.com/google.cloud.functions.v2.OperationMetadata","createTime":"2026-05-16T20:01:02.057051841Z","target":"projects/powiat-decyduje/locations/us-central1/functions/verifyResidentPhoneCode","verb":"create","cancelRequested":false,"apiVersion":"v2","requestResource":{"@type":"type.googleapis.com/google.cloud.functions.v2.Function","name":"projects/powiat-decyduje/locations/us-central1/functions/verifyResidentPhoneCode","buildConfig":{"runtime":"nodejs20","entryPoint":"verifyResidentPhoneCode","source":{"storageSource":{"bucket":"gcf-v2-sources-1029210239146-us-central1","object":"verifyResidentPhoneCode/function-source.zip","generation":"1778961661831538"}},"environmentVariables":{"GOOGLE_NODE_RUN_SCRIPTS":""},"serviceAccount":"projects/powiat-decyduje/serviceAccounts/1029210239146-compute@developer.gserviceaccount.com","automaticUpdatePolicy":{}},"serviceConfig":{"service":"projects/powiat-decyduje/locations/us-central1/services/verifyresidentphonecode","timeoutSeconds":60,"environmentVariables":{"FIREBASE_CONFIG":"{\"projectId\":\"powiat-decyduje\",\"storageBucket\":\"powiat-decyduje.firebasestorage.app\"}","GCLOUD_PROJECT":"powiat-decyduje","EVENTARC_CLOUD_EVENT_SOURCE":"projects/powiat-decyduje/locations/REGION_TBD/services/verifyResidentPhoneCode","FUNCTION_TARGET":"verifyResidentPhoneCode","LOG_EXECUTION_ID":"true"},"ingressSettings":"ALLOW_ALL","serviceAccountEmail":"1029210239146-compute@developer.gserviceaccount.com","availableMemory":"256Mi","maxInstanceRequestConcurrency":80,"availableCpu":"1"},"labels":{"deployment-tool":"cli-firebase","deployment-callable":"true","firebase-functions-hash":"8cebd0753ff9a33af0e40d4a119e3e84cbf3dc05"},"environment":"GEN_2"},"stages":[{"name":"BUILD","message":"Build in progress","state":"IN_PROGRESS","resource":"projects/1029210239146/locations/us-central1/builds/8fb9729a-b837-4557-b9de-ae5ffa76110e","resourceUri":"https://console.cloud.google.com/cloud-build/builds;region=us-central1/8fb9729a-b837-4557-b9de-ae5ffa76110e?project=1029210239146"},{"name":"SERVICE","state":"NOT_STARTED"}],"operationType":"CREATE_FUNCTION","buildName":"projects/1029210239146/locations/us-central1/builds/8fb9729a-b837-4557-b9de-ae5ffa76110e"},"done":false}
[debug] [2026-05-16T20:01:43.333Z] [create-default-us-central1-verifyResidentPhoneCode] Retrying task index 0
[debug] [2026-05-16T20:01:43.333Z] Checked if tokens are valid: true, expires at: 1778965100724
[debug] [2026-05-16T20:01:43.333Z] Checked if tokens are valid: true, expires at: 1778965100724
[debug] [2026-05-16T20:01:43.333Z] >>> [apiv2][query] GET https://cloudfunctions.googleapis.com/v2/projects/powiat-decyduje/locations/us-central1/operations/operation-1778961661601-651f4c9e8a5aa-2e1d3afd-7c878c84 [none]
[debug] [2026-05-16T20:01:44.183Z] <<< [apiv2][status] GET https://cloudfunctions.googleapis.com/v2/projects/powiat-decyduje/locations/us-central1/operations/operation-1778961661601-651f4c9e8a5aa-2e1d3afd-7c878c84 200
[debug] [2026-05-16T20:01:44.183Z] <<< [apiv2][body] GET https://cloudfunctions.googleapis.com/v2/projects/powiat-decyduje/locations/us-central1/operations/operation-1778961661601-651f4c9e8a5aa-2e1d3afd-7c878c84 {"name":"projects/powiat-decyduje/locations/us-central1/operations/operation-1778961661601-651f4c9e8a5aa-2e1d3afd-7c878c84","metadata":{"@type":"type.googleapis.com/google.cloud.functions.v2.OperationMetadata","createTime":"2026-05-16T20:01:02.057051841Z","target":"projects/powiat-decyduje/locations/us-central1/functions/verifyResidentPhoneCode","verb":"create","cancelRequested":false,"apiVersion":"v2","requestResource":{"@type":"type.googleapis.com/google.cloud.functions.v2.Function","name":"projects/powiat-decyduje/locations/us-central1/functions/verifyResidentPhoneCode","buildConfig":{"runtime":"nodejs20","entryPoint":"verifyResidentPhoneCode","source":{"storageSource":{"bucket":"gcf-v2-sources-1029210239146-us-central1","object":"verifyResidentPhoneCode/function-source.zip","generation":"1778961661831538"}},"environmentVariables":{"GOOGLE_NODE_RUN_SCRIPTS":""},"serviceAccount":"projects/powiat-decyduje/serviceAccounts/1029210239146-compute@developer.gserviceaccount.com","automaticUpdatePolicy":{}},"serviceConfig":{"service":"projects/powiat-decyduje/locations/us-central1/services/verifyresidentphonecode","timeoutSeconds":60,"environmentVariables":{"FIREBASE_CONFIG":"{\"projectId\":\"powiat-decyduje\",\"storageBucket\":\"powiat-decyduje.firebasestorage.app\"}","GCLOUD_PROJECT":"powiat-decyduje","EVENTARC_CLOUD_EVENT_SOURCE":"projects/powiat-decyduje/locations/REGION_TBD/services/verifyResidentPhoneCode","FUNCTION_TARGET":"verifyResidentPhoneCode","LOG_EXECUTION_ID":"true"},"ingressSettings":"ALLOW_ALL","serviceAccountEmail":"1029210239146-compute@developer.gserviceaccount.com","availableMemory":"256Mi","maxInstanceRequestConcurrency":80,"availableCpu":"1"},"labels":{"deployment-tool":"cli-firebase","deployment-callable":"true","firebase-functions-hash":"8cebd0753ff9a33af0e40d4a119e3e84cbf3dc05"},"environment":"GEN_2"},"stages":[{"name":"BUILD","message":"Build in progress","state":"IN_PROGRESS","resource":"projects/1029210239146/locations/us-central1/builds/8fb9729a-b837-4557-b9de-ae5ffa76110e","resourceUri":"https://console.cloud.google.com/cloud-build/builds;region=us-central1/8fb9729a-b837-4557-b9de-ae5ffa76110e?project=1029210239146"},{"name":"SERVICE","state":"NOT_STARTED"}],"operationType":"CREATE_FUNCTION","buildName":"projects/1029210239146/locations/us-central1/builds/8fb9729a-b837-4557-b9de-ae5ffa76110e"},"done":false}
[debug] [2026-05-16T20:01:54.184Z] [create-default-us-central1-verifyResidentPhoneCode] Retrying task index 0
[debug] [2026-05-16T20:01:54.185Z] Checked if tokens are valid: true, expires at: 1778965100724
[debug] [2026-05-16T20:01:54.185Z] Checked if tokens are valid: true, expires at: 1778965100724
[debug] [2026-05-16T20:01:54.186Z] >>> [apiv2][query] GET https://cloudfunctions.googleapis.com/v2/projects/powiat-decyduje/locations/us-central1/operations/operation-1778961661601-651f4c9e8a5aa-2e1d3afd-7c878c84 [none]
[debug] [2026-05-16T20:01:55.143Z] <<< [apiv2][status] GET https://cloudfunctions.googleapis.com/v2/projects/powiat-decyduje/locations/us-central1/operations/operation-1778961661601-651f4c9e8a5aa-2e1d3afd-7c878c84 200
[debug] [2026-05-16T20:01:55.144Z] <<< [apiv2][body] GET https://cloudfunctions.googleapis.com/v2/projects/powiat-decyduje/locations/us-central1/operations/operation-1778961661601-651f4c9e8a5aa-2e1d3afd-7c878c84 {"name":"projects/powiat-decyduje/locations/us-central1/operations/operation-1778961661601-651f4c9e8a5aa-2e1d3afd-7c878c84","metadata":{"@type":"type.googleapis.com/google.cloud.functions.v2.OperationMetadata","createTime":"2026-05-16T20:01:02.057051841Z","target":"projects/powiat-decyduje/locations/us-central1/functions/verifyResidentPhoneCode","verb":"create","cancelRequested":false,"apiVersion":"v2","requestResource":{"@type":"type.googleapis.com/google.cloud.functions.v2.Function","name":"projects/powiat-decyduje/locations/us-central1/functions/verifyResidentPhoneCode","buildConfig":{"runtime":"nodejs20","entryPoint":"verifyResidentPhoneCode","source":{"storageSource":{"bucket":"gcf-v2-sources-1029210239146-us-central1","object":"verifyResidentPhoneCode/function-source.zip","generation":"1778961661831538"}},"environmentVariables":{"GOOGLE_NODE_RUN_SCRIPTS":""},"serviceAccount":"projects/powiat-decyduje/serviceAccounts/1029210239146-compute@developer.gserviceaccount.com","automaticUpdatePolicy":{}},"serviceConfig":{"service":"projects/powiat-decyduje/locations/us-central1/services/verifyresidentphonecode","timeoutSeconds":60,"environmentVariables":{"FIREBASE_CONFIG":"{\"projectId\":\"powiat-decyduje\",\"storageBucket\":\"powiat-decyduje.firebasestorage.app\"}","GCLOUD_PROJECT":"powiat-decyduje","EVENTARC_CLOUD_EVENT_SOURCE":"projects/powiat-decyduje/locations/REGION_TBD/services/verifyResidentPhoneCode","FUNCTION_TARGET":"verifyResidentPhoneCode","LOG_EXECUTION_ID":"true"},"ingressSettings":"ALLOW_ALL","serviceAccountEmail":"1029210239146-compute@developer.gserviceaccount.com","availableMemory":"256Mi","maxInstanceRequestConcurrency":80,"availableCpu":"1"},"labels":{"deployment-tool":"cli-firebase","deployment-callable":"true","firebase-functions-hash":"8cebd0753ff9a33af0e40d4a119e3e84cbf3dc05"},"environment":"GEN_2"},"stages":[{"name":"BUILD","message":"Build in progress","state":"IN_PROGRESS","resource":"projects/1029210239146/locations/us-central1/builds/8fb9729a-b837-4557-b9de-ae5ffa76110e","resourceUri":"https://console.cloud.google.com/cloud-build/builds;region=us-central1/8fb9729a-b837-4557-b9de-ae5ffa76110e?project=1029210239146"},{"name":"SERVICE","state":"NOT_STARTED"}],"operationType":"CREATE_FUNCTION","buildName":"projects/1029210239146/locations/us-central1/builds/8fb9729a-b837-4557-b9de-ae5ffa76110e"},"done":false}
[debug] [2026-05-16T20:02:05.146Z] [create-default-us-central1-verifyResidentPhoneCode] Retrying task index 0
[debug] [2026-05-16T20:02:05.147Z] Checked if tokens are valid: true, expires at: 1778965100724
[debug] [2026-05-16T20:02:05.147Z] Checked if tokens are valid: true, expires at: 1778965100724
[debug] [2026-05-16T20:02:05.147Z] >>> [apiv2][query] GET https://cloudfunctions.googleapis.com/v2/projects/powiat-decyduje/locations/us-central1/operations/operation-1778961661601-651f4c9e8a5aa-2e1d3afd-7c878c84 [none]
[debug] [2026-05-16T20:02:06.102Z] <<< [apiv2][status] GET https://cloudfunctions.googleapis.com/v2/projects/powiat-decyduje/locations/us-central1/operations/operation-1778961661601-651f4c9e8a5aa-2e1d3afd-7c878c84 200
[debug] [2026-05-16T20:02:06.103Z] <<< [apiv2][body] GET https://cloudfunctions.googleapis.com/v2/projects/powiat-decyduje/locations/us-central1/operations/operation-1778961661601-651f4c9e8a5aa-2e1d3afd-7c878c84 {"name":"projects/powiat-decyduje/locations/us-central1/operations/operation-1778961661601-651f4c9e8a5aa-2e1d3afd-7c878c84","metadata":{"@type":"type.googleapis.com/google.cloud.functions.v2.OperationMetadata","createTime":"2026-05-16T20:01:02.057051841Z","target":"projects/powiat-decyduje/locations/us-central1/functions/verifyResidentPhoneCode","verb":"create","cancelRequested":false,"apiVersion":"v2","requestResource":{"@type":"type.googleapis.com/google.cloud.functions.v2.Function","name":"projects/powiat-decyduje/locations/us-central1/functions/verifyResidentPhoneCode","buildConfig":{"runtime":"nodejs20","entryPoint":"verifyResidentPhoneCode","source":{"storageSource":{"bucket":"gcf-v2-sources-1029210239146-us-central1","object":"verifyResidentPhoneCode/function-source.zip","generation":"1778961661831538"}},"environmentVariables":{"GOOGLE_NODE_RUN_SCRIPTS":""},"serviceAccount":"projects/powiat-decyduje/serviceAccounts/1029210239146-compute@developer.gserviceaccount.com","automaticUpdatePolicy":{}},"serviceConfig":{"service":"projects/powiat-decyduje/locations/us-central1/services/verifyresidentphonecode","timeoutSeconds":60,"environmentVariables":{"FIREBASE_CONFIG":"{\"projectId\":\"powiat-decyduje\",\"storageBucket\":\"powiat-decyduje.firebasestorage.app\"}","GCLOUD_PROJECT":"powiat-decyduje","EVENTARC_CLOUD_EVENT_SOURCE":"projects/powiat-decyduje/locations/REGION_TBD/services/verifyResidentPhoneCode","FUNCTION_TARGET":"verifyResidentPhoneCode","LOG_EXECUTION_ID":"true"},"ingressSettings":"ALLOW_ALL","serviceAccountEmail":"1029210239146-compute@developer.gserviceaccount.com","availableMemory":"256Mi","maxInstanceRequestConcurrency":80,"availableCpu":"1"},"labels":{"deployment-tool":"cli-firebase","deployment-callable":"true","firebase-functions-hash":"8cebd0753ff9a33af0e40d4a119e3e84cbf3dc05"},"environment":"GEN_2"},"stages":[{"name":"BUILD","message":"Build finished","state":"COMPLETE","resource":"projects/1029210239146/locations/us-central1/builds/8fb9729a-b837-4557-b9de-ae5ffa76110e","resourceUri":"https://console.cloud.google.com/cloud-build/builds;region=us-central1/8fb9729a-b837-4557-b9de-ae5ffa76110e?project=1029210239146"},{"name":"SERVICE","message":"Creating Cloud Run service","state":"IN_PROGRESS","resource":"projects/powiat-decyduje/locations/us-central1/services/verifyresidentphonecode","resourceUri":"https://console.cloud.google.com/run/detail/us-central1/verifyresidentphonecode?project=powiat-decyduje"}],"sourceToken":"Clhwcm9qZWN0cy8xMDI5MjEwMjM5MTQ2L2xvY2F0aW9ucy91cy1jZW50cmFsMS9idWlsZHMvOGZiOTcyOWEtYjgzNy00NTU3LWI5ZGUtYWU1ZmZhNzYxMTBlEn11cy1jZW50cmFsMS1kb2NrZXIucGtnLmRldi9wb3dpYXQtZGVjeWR1amUvZ2NmLWFydGlmYWN0cy9wb3dpYXQtLWRlY3lkdWplX191cy0tY2VudHJhbDFfX3ZlcmlmeV9yZXNpZGVudF9waG9uZV9jb2RlOnZlcnNpb25fMRiq4deN+h0iUHByb2plY3RzL3Bvd2lhdC1kZWN5ZHVqZS9sb2NhdGlvbnMvdXMtY2VudHJhbDEvZnVuY3Rpb25zL3ZlcmlmeVJlc2lkZW50UGhvbmVDb2RlKgsItpqj0AYQmJTxcDIIbm9kZWpzMjA6dgojZ2NyLmlvL2dhZS1ydW50aW1lcy9ub2RlanMyMDpzdGFibGUST3VzLWNlbnRyYWwxLWRvY2tlci5wa2cuZGV2L3NlcnZlcmxlc3MtcnVudGltZXMvZ29vZ2xlLTIyLWZ1bGwvcnVudGltZXMvbm9kZWpzMjBAAQ==","operationType":"CREATE_FUNCTION","buildName":"projects/1029210239146/locations/us-central1/builds/8fb9729a-b837-4557-b9de-ae5ffa76110e"},"done":false}
[debug] [2026-05-16T20:02:06.103Z] Got source token Clhwcm9qZWN0cy8xMDI5MjEwMjM5MTQ2L2xvY2F0aW9ucy91cy1jZW50cmFsMS9idWlsZHMvOGZiOTcyOWEtYjgzNy00NTU3LWI5ZGUtYWU1ZmZhNzYxMTBlEn11cy1jZW50cmFsMS1kb2NrZXIucGtnLmRldi9wb3dpYXQtZGVjeWR1amUvZ2NmLWFydGlmYWN0cy9wb3dpYXQtLWRlY3lkdWplX191cy0tY2VudHJhbDFfX3ZlcmlmeV9yZXNpZGVudF9waG9uZV9jb2RlOnZlcnNpb25fMRiq4deN+h0iUHByb2plY3RzL3Bvd2lhdC1kZWN5ZHVqZS9sb2NhdGlvbnMvdXMtY2VudHJhbDEvZnVuY3Rpb25zL3ZlcmlmeVJlc2lkZW50UGhvbmVDb2RlKgsItpqj0AYQmJTxcDIIbm9kZWpzMjA6dgojZ2NyLmlvL2dhZS1ydW50aW1lcy9ub2RlanMyMDpzdGFibGUST3VzLWNlbnRyYWwxLWRvY2tlci5wa2cuZGV2L3NlcnZlcmxlc3MtcnVudGltZXMvZ29vZ2xlLTIyLWZ1bGwvcnVudGltZXMvbm9kZWpzMjBAAQ== for region us-central1
[debug] [2026-05-16T20:02:16.105Z] [create-default-us-central1-verifyResidentPhoneCode] Retrying task index 0
[debug] [2026-05-16T20:02:16.106Z] Checked if tokens are valid: true, expires at: 1778965100724
[debug] [2026-05-16T20:02:16.106Z] Checked if tokens are valid: true, expires at: 1778965100724
[debug] [2026-05-16T20:02:16.106Z] >>> [apiv2][query] GET https://cloudfunctions.googleapis.com/v2/projects/powiat-decyduje/locations/us-central1/operations/operation-1778961661601-651f4c9e8a5aa-2e1d3afd-7c878c84 [none]
[debug] [2026-05-16T20:02:17.058Z] <<< [apiv2][status] GET https://cloudfunctions.googleapis.com/v2/projects/powiat-decyduje/locations/us-central1/operations/operation-1778961661601-651f4c9e8a5aa-2e1d3afd-7c878c84 200
[debug] [2026-05-16T20:02:17.058Z] <<< [apiv2][body] GET https://cloudfunctions.googleapis.com/v2/projects/powiat-decyduje/locations/us-central1/operations/operation-1778961661601-651f4c9e8a5aa-2e1d3afd-7c878c84 {"name":"projects/powiat-decyduje/locations/us-central1/operations/operation-1778961661601-651f4c9e8a5aa-2e1d3afd-7c878c84","metadata":{"@type":"type.googleapis.com/google.cloud.functions.v2.OperationMetadata","createTime":"2026-05-16T20:01:02.057051841Z","target":"projects/powiat-decyduje/locations/us-central1/functions/verifyResidentPhoneCode","verb":"create","cancelRequested":false,"apiVersion":"v2","requestResource":{"@type":"type.googleapis.com/google.cloud.functions.v2.Function","name":"projects/powiat-decyduje/locations/us-central1/functions/verifyResidentPhoneCode","buildConfig":{"runtime":"nodejs20","entryPoint":"verifyResidentPhoneCode","source":{"storageSource":{"bucket":"gcf-v2-sources-1029210239146-us-central1","object":"verifyResidentPhoneCode/function-source.zip","generation":"1778961661831538"}},"environmentVariables":{"GOOGLE_NODE_RUN_SCRIPTS":""},"serviceAccount":"projects/powiat-decyduje/serviceAccounts/1029210239146-compute@developer.gserviceaccount.com","automaticUpdatePolicy":{}},"serviceConfig":{"service":"projects/powiat-decyduje/locations/us-central1/services/verifyresidentphonecode","timeoutSeconds":60,"environmentVariables":{"FIREBASE_CONFIG":"{\"projectId\":\"powiat-decyduje\",\"storageBucket\":\"powiat-decyduje.firebasestorage.app\"}","GCLOUD_PROJECT":"powiat-decyduje","EVENTARC_CLOUD_EVENT_SOURCE":"projects/powiat-decyduje/locations/REGION_TBD/services/verifyResidentPhoneCode","FUNCTION_TARGET":"verifyResidentPhoneCode","LOG_EXECUTION_ID":"true"},"ingressSettings":"ALLOW_ALL","serviceAccountEmail":"1029210239146-compute@developer.gserviceaccount.com","availableMemory":"256Mi","maxInstanceRequestConcurrency":80,"availableCpu":"1"},"labels":{"deployment-tool":"cli-firebase","deployment-callable":"true","firebase-functions-hash":"8cebd0753ff9a33af0e40d4a119e3e84cbf3dc05"},"environment":"GEN_2"},"stages":[{"name":"BUILD","message":"Build finished","state":"COMPLETE","resource":"projects/1029210239146/locations/us-central1/builds/8fb9729a-b837-4557-b9de-ae5ffa76110e","resourceUri":"https://console.cloud.google.com/cloud-build/builds;region=us-central1/8fb9729a-b837-4557-b9de-ae5ffa76110e?project=1029210239146"},{"name":"SERVICE","message":"Creating Cloud Run service","state":"IN_PROGRESS","resource":"projects/powiat-decyduje/locations/us-central1/services/verifyresidentphonecode","resourceUri":"https://console.cloud.google.com/run/detail/us-central1/verifyresidentphonecode?project=powiat-decyduje"}],"sourceToken":"Clhwcm9qZWN0cy8xMDI5MjEwMjM5MTQ2L2xvY2F0aW9ucy91cy1jZW50cmFsMS9idWlsZHMvOGZiOTcyOWEtYjgzNy00NTU3LWI5ZGUtYWU1ZmZhNzYxMTBlEn11cy1jZW50cmFsMS1kb2NrZXIucGtnLmRldi9wb3dpYXQtZGVjeWR1amUvZ2NmLWFydGlmYWN0cy9wb3dpYXQtLWRlY3lkdWplX191cy0tY2VudHJhbDFfX3ZlcmlmeV9yZXNpZGVudF9waG9uZV9jb2RlOnZlcnNpb25fMRiq4deN+h0iUHByb2plY3RzL3Bvd2lhdC1kZWN5ZHVqZS9sb2NhdGlvbnMvdXMtY2VudHJhbDEvZnVuY3Rpb25zL3ZlcmlmeVJlc2lkZW50UGhvbmVDb2RlKgsItpqj0AYQmJTxcDIIbm9kZWpzMjA6dgojZ2NyLmlvL2dhZS1ydW50aW1lcy9ub2RlanMyMDpzdGFibGUST3VzLWNlbnRyYWwxLWRvY2tlci5wa2cuZGV2L3NlcnZlcmxlc3MtcnVudGltZXMvZ29vZ2xlLTIyLWZ1bGwvcnVudGltZXMvbm9kZWpzMjBAAQ==","operationType":"CREATE_FUNCTION","buildName":"projects/1029210239146/locations/us-central1/builds/8fb9729a-b837-4557-b9de-ae5ffa76110e"},"done":false}
[debug] [2026-05-16T20:02:17.059Z] Got source token Clhwcm9qZWN0cy8xMDI5MjEwMjM5MTQ2L2xvY2F0aW9ucy91cy1jZW50cmFsMS9idWlsZHMvOGZiOTcyOWEtYjgzNy00NTU3LWI5ZGUtYWU1ZmZhNzYxMTBlEn11cy1jZW50cmFsMS1kb2NrZXIucGtnLmRldi9wb3dpYXQtZGVjeWR1amUvZ2NmLWFydGlmYWN0cy9wb3dpYXQtLWRlY3lkdWplX191cy0tY2VudHJhbDFfX3ZlcmlmeV9yZXNpZGVudF9waG9uZV9jb2RlOnZlcnNpb25fMRiq4deN+h0iUHByb2plY3RzL3Bvd2lhdC1kZWN5ZHVqZS9sb2NhdGlvbnMvdXMtY2VudHJhbDEvZnVuY3Rpb25zL3ZlcmlmeVJlc2lkZW50UGhvbmVDb2RlKgsItpqj0AYQmJTxcDIIbm9kZWpzMjA6dgojZ2NyLmlvL2dhZS1ydW50aW1lcy9ub2RlanMyMDpzdGFibGUST3VzLWNlbnRyYWwxLWRvY2tlci5wa2cuZGV2L3NlcnZlcmxlc3MtcnVudGltZXMvZ29vZ2xlLTIyLWZ1bGwvcnVudGltZXMvbm9kZWpzMjBAAQ== for region us-central1
[debug] [2026-05-16T20:02:27.060Z] [create-default-us-central1-verifyResidentPhoneCode] Retrying task index 0
[debug] [2026-05-16T20:02:27.060Z] Checked if tokens are valid: true, expires at: 1778965100724
[debug] [2026-05-16T20:02:27.060Z] Checked if tokens are valid: true, expires at: 1778965100724
[debug] [2026-05-16T20:02:27.061Z] >>> [apiv2][query] GET https://cloudfunctions.googleapis.com/v2/projects/powiat-decyduje/locations/us-central1/operations/operation-1778961661601-651f4c9e8a5aa-2e1d3afd-7c878c84 [none]
[debug] [2026-05-16T20:02:28.016Z] <<< [apiv2][status] GET https://cloudfunctions.googleapis.com/v2/projects/powiat-decyduje/locations/us-central1/operations/operation-1778961661601-651f4c9e8a5aa-2e1d3afd-7c878c84 200
[debug] [2026-05-16T20:02:28.017Z] <<< [apiv2][body] GET https://cloudfunctions.googleapis.com/v2/projects/powiat-decyduje/locations/us-central1/operations/operation-1778961661601-651f4c9e8a5aa-2e1d3afd-7c878c84 {"name":"projects/powiat-decyduje/locations/us-central1/operations/operation-1778961661601-651f4c9e8a5aa-2e1d3afd-7c878c84","metadata":{"@type":"type.googleapis.com/google.cloud.functions.v2.OperationMetadata","createTime":"2026-05-16T20:01:02.057051841Z","endTime":"2026-05-16T20:02:17.988948286Z","target":"projects/powiat-decyduje/locations/us-central1/functions/verifyResidentPhoneCode","verb":"create","cancelRequested":false,"apiVersion":"v2","requestResource":{"@type":"type.googleapis.com/google.cloud.functions.v2.Function","name":"projects/powiat-decyduje/locations/us-central1/functions/verifyResidentPhoneCode","buildConfig":{"runtime":"nodejs20","entryPoint":"verifyResidentPhoneCode","source":{"storageSource":{"bucket":"gcf-v2-sources-1029210239146-us-central1","object":"verifyResidentPhoneCode/function-source.zip","generation":"1778961661831538"}},"environmentVariables":{"GOOGLE_NODE_RUN_SCRIPTS":""},"serviceAccount":"projects/powiat-decyduje/serviceAccounts/1029210239146-compute@developer.gserviceaccount.com","automaticUpdatePolicy":{}},"serviceConfig":{"service":"projects/powiat-decyduje/locations/us-central1/services/verifyresidentphonecode","timeoutSeconds":60,"environmentVariables":{"FIREBASE_CONFIG":"{\"projectId\":\"powiat-decyduje\",\"storageBucket\":\"powiat-decyduje.firebasestorage.app\"}","GCLOUD_PROJECT":"powiat-decyduje","EVENTARC_CLOUD_EVENT_SOURCE":"projects/powiat-decyduje/locations/REGION_TBD/services/verifyResidentPhoneCode","FUNCTION_TARGET":"verifyResidentPhoneCode","LOG_EXECUTION_ID":"true"},"ingressSettings":"ALLOW_ALL","serviceAccountEmail":"1029210239146-compute@developer.gserviceaccount.com","availableMemory":"256Mi","maxInstanceRequestConcurrency":80,"availableCpu":"1"},"labels":{"deployment-tool":"cli-firebase","deployment-callable":"true","firebase-functions-hash":"8cebd0753ff9a33af0e40d4a119e3e84cbf3dc05"},"environment":"GEN_2"},"stages":[{"name":"BUILD","message":"Build finished","state":"COMPLETE","resource":"projects/1029210239146/locations/us-central1/builds/8fb9729a-b837-4557-b9de-ae5ffa76110e","resourceUri":"https://console.cloud.google.com/cloud-build/builds;region=us-central1/8fb9729a-b837-4557-b9de-ae5ffa76110e?project=1029210239146"},{"name":"SERVICE","message":"Creating Cloud Run service","state":"COMPLETE","resource":"projects/powiat-decyduje/locations/us-central1/services/verifyresidentphonecode","resourceUri":"https://console.cloud.google.com/run/detail/us-central1/verifyresidentphonecode?project=powiat-decyduje"}],"sourceToken":"Clhwcm9qZWN0cy8xMDI5MjEwMjM5MTQ2L2xvY2F0aW9ucy91cy1jZW50cmFsMS9idWlsZHMvOGZiOTcyOWEtYjgzNy00NTU3LWI5ZGUtYWU1ZmZhNzYxMTBlEn11cy1jZW50cmFsMS1kb2NrZXIucGtnLmRldi9wb3dpYXQtZGVjeWR1amUvZ2NmLWFydGlmYWN0cy9wb3dpYXQtLWRlY3lkdWplX191cy0tY2VudHJhbDFfX3ZlcmlmeV9yZXNpZGVudF9waG9uZV9jb2RlOnZlcnNpb25fMRiq4deN+h0iUHByb2plY3RzL3Bvd2lhdC1kZWN5ZHVqZS9sb2NhdGlvbnMvdXMtY2VudHJhbDEvZnVuY3Rpb25zL3ZlcmlmeVJlc2lkZW50UGhvbmVDb2RlKgsItpqj0AYQmJTxcDIIbm9kZWpzMjA6dgojZ2NyLmlvL2dhZS1ydW50aW1lcy9ub2RlanMyMDpzdGFibGUST3VzLWNlbnRyYWwxLWRvY2tlci5wa2cuZGV2L3NlcnZlcmxlc3MtcnVudGltZXMvZ29vZ2xlLTIyLWZ1bGwvcnVudGltZXMvbm9kZWpzMjBAAQ==","operationType":"CREATE_FUNCTION","buildName":"projects/1029210239146/locations/us-central1/builds/8fb9729a-b837-4557-b9de-ae5ffa76110e"},"done":true,"response":{"@type":"type.googleapis.com/google.cloud.functions.v2.Function","name":"projects/powiat-decyduje/locations/us-central1/functions/verifyResidentPhoneCode","buildConfig":{"build":"projects/1029210239146/locations/us-central1/builds/8fb9729a-b837-4557-b9de-ae5ffa76110e","runtime":"nodejs20","entryPoint":"verifyResidentPhoneCode","source":{"storageSource":{"bucket":"gcf-v2-sources-1029210239146-us-central1","object":"verifyResidentPhoneCode/function-source.zip","generation":"1778961661831538"}},"environmentVariables":{"GOOGLE_NODE_RUN_SCRIPTS":""},"dockerRepository":"projects/powiat-decyduje/locations/us-central1/repositories/gcf-artifacts","sourceProvenance":{"resolvedStorageSource":{"bucket":"gcf-v2-sources-1029210239146-us-central1","object":"verifyResidentPhoneCode/function-source.zip","generation":"1778961661831538"}},"dockerRegistry":"ARTIFACT_REGISTRY","serviceAccount":"projects/powiat-decyduje/serviceAccounts/1029210239146-compute@developer.gserviceaccount.com","automaticUpdatePolicy":{}},"serviceConfig":{"service":"projects/powiat-decyduje/locations/us-central1/services/verifyresidentphonecode","timeoutSeconds":60,"environmentVariables":{"FIREBASE_CONFIG":"{\"projectId\":\"powiat-decyduje\",\"storageBucket\":\"powiat-decyduje.firebasestorage.app\"}","GCLOUD_PROJECT":"powiat-decyduje","EVENTARC_CLOUD_EVENT_SOURCE":"projects/powiat-decyduje/locations/REGION_TBD/services/verifyResidentPhoneCode","FUNCTION_TARGET":"verifyResidentPhoneCode","LOG_EXECUTION_ID":"true"},"ingressSettings":"ALLOW_ALL","uri":"https://verifyresidentphonecode-w5lz57ceaq-uc.a.run.app","serviceAccountEmail":"1029210239146-compute@developer.gserviceaccount.com","availableMemory":"256Mi","allTrafficOnLatestRevision":true,"revision":"verifyresidentphonecode-00001-sin","maxInstanceRequestConcurrency":80,"availableCpu":"1"},"state":"ACTIVE","updateTime":"2026-05-16T20:01:02.052127073Z","labels":{"deployment-callable":"true","firebase-functions-hash":"8cebd0753ff9a33af0e40d4a119e3e84cbf3dc05","deployment-tool":"cli-firebase"},"environment":"GEN_2","url":"https://us-central1-powiat-decyduje.cloudfunctions.net/verifyResidentPhoneCode","createTime":"2026-05-16T20:01:02.052127073Z","satisfiesPzi":true}}
[debug] [2026-05-16T20:02:28.019Z] Got source token Clhwcm9qZWN0cy8xMDI5MjEwMjM5MTQ2L2xvY2F0aW9ucy91cy1jZW50cmFsMS9idWlsZHMvOGZiOTcyOWEtYjgzNy00NTU3LWI5ZGUtYWU1ZmZhNzYxMTBlEn11cy1jZW50cmFsMS1kb2NrZXIucGtnLmRldi9wb3dpYXQtZGVjeWR1amUvZ2NmLWFydGlmYWN0cy9wb3dpYXQtLWRlY3lkdWplX191cy0tY2VudHJhbDFfX3ZlcmlmeV9yZXNpZGVudF9waG9uZV9jb2RlOnZlcnNpb25fMRiq4deN+h0iUHByb2plY3RzL3Bvd2lhdC1kZWN5ZHVqZS9sb2NhdGlvbnMvdXMtY2VudHJhbDEvZnVuY3Rpb25zL3ZlcmlmeVJlc2lkZW50UGhvbmVDb2RlKgsItpqj0AYQmJTxcDIIbm9kZWpzMjA6dgojZ2NyLmlvL2dhZS1ydW50aW1lcy9ub2RlanMyMDpzdGFibGUST3VzLWNlbnRyYWwxLWRvY2tlci5wa2cuZGV2L3NlcnZlcmxlc3MtcnVudGltZXMvZ29vZ2xlLTIyLWZ1bGwvcnVudGltZXMvbm9kZWpzMjBAAQ== for region us-central1
[debug] [2026-05-16T20:02:28.019Z] Checked if tokens are valid: true, expires at: 1778965100724
[debug] [2026-05-16T20:02:28.019Z] Checked if tokens are valid: true, expires at: 1778965100724
[debug] [2026-05-16T20:02:28.020Z] >>> [apiv2][query] POST https://run.googleapis.com/v1/projects/powiat-decyduje/locations/us-central1/services/verifyresidentphonecode:setIamPolicy [none]
[debug] [2026-05-16T20:02:28.020Z] >>> [apiv2][body] POST https://run.googleapis.com/v1/projects/powiat-decyduje/locations/us-central1/services/verifyresidentphonecode:setIamPolicy {"policy":{"bindings":[{"role":"roles/run.invoker","members":["allUsers"]}],"etag":"","version":3},"updateMask":"bindings,etag,version"}
[debug] [2026-05-16T20:02:29.123Z] <<< [apiv2][status] POST https://run.googleapis.com/v1/projects/powiat-decyduje/locations/us-central1/services/verifyresidentphonecode:setIamPolicy 200
[debug] [2026-05-16T20:02:29.123Z] <<< [apiv2][body] POST https://run.googleapis.com/v1/projects/powiat-decyduje/locations/us-central1/services/verifyresidentphonecode:setIamPolicy {"version":1,"etag":"BwZR9M8guB4=","bindings":[{"role":"roles/run.invoker","members":["allUsers"]}]}
[info] ✔  functions[verifyResidentPhoneCode(us-central1)] Successful create operation. 
[warn] ⚠  functions: Deploys failed. Skipping deletes. 
[debug] [2026-05-16T20:02:29.129Z] Total Function Deployment time: 156342
[debug] [2026-05-16T20:02:29.129Z] 2 Functions Deployed
[debug] [2026-05-16T20:02:29.129Z] 1 Functions Errored
[debug] [2026-05-16T20:02:29.129Z] 0 Function Deployments Aborted
[debug] [2026-05-16T20:02:29.129Z] Average Function Deployment time: 112167.5
[info] 
[info] Functions deploy had errors with the following functions:
	createResidentPhoneVerificationCode(us-central1)
[debug] [2026-05-16T20:02:29.382Z] Checked if tokens are valid: true, expires at: 1778965100724
[debug] [2026-05-16T20:02:29.382Z] Checked if tokens are valid: true, expires at: 1778965100724
[debug] [2026-05-16T20:02:29.382Z] >>> [apiv2][query] GET https://artifactregistry.googleapis.com/v1/projects/powiat-decyduje/locations/us-central1/repositories/gcf-artifacts [none]
[debug] [2026-05-16T20:02:30.352Z] <<< [apiv2][status] GET https://artifactregistry.googleapis.com/v1/projects/powiat-decyduje/locations/us-central1/repositories/gcf-artifacts 200
[debug] [2026-05-16T20:02:30.352Z] <<< [apiv2][body] GET https://artifactregistry.googleapis.com/v1/projects/powiat-decyduje/locations/us-central1/repositories/gcf-artifacts {"name":"projects/powiat-decyduje/locations/us-central1/repositories/gcf-artifacts","format":"DOCKER","description":"This repository is created and used by Cloud Functions for storing function docker images.","labels":{"goog-managed-by":"cloudfunctions"},"createTime":"2026-05-16T20:00:15.365742Z","updateTime":"2026-05-16T20:01:49.832605Z","mode":"STANDARD_REPOSITORY","sizeBytes":"87748093","vulnerabilityScanningConfig":{"lastEnableTime":"2026-05-16T20:00:06.877769137Z","enablementState":"SCANNING_DISABLED","enablementStateReason":"API containerscanning.googleapis.com is not enabled."},"satisfiesPzi":true,"registryUri":"us-central1-docker.pkg.dev/powiat-decyduje/gcf-artifacts"}
[warn] ⚠  functions: No cleanup policy detected for repositories in us-central1. This may result in a small monthly bill as container images accumulate over time. 
[info] i  functions: Configuring cleanup policy for repository in us-central1. Images older than 1 days will be automatically deleted. 
[debug] [2026-05-16T20:07:18.764Z] Setting up artifact cleanup policy for region us-central1
[debug] [2026-05-16T20:07:18.768Z] Checked if tokens are valid: true, expires at: 1778965100724
[debug] [2026-05-16T20:07:18.769Z] Checked if tokens are valid: true, expires at: 1778965100724
[debug] [2026-05-16T20:07:18.769Z] >>> [apiv2][query] PATCH https://artifactregistry.googleapis.com/v1/projects/powiat-decyduje/locations/us-central1/repositories/gcf-artifacts updateMask=name%2CcleanupPolicies%2CcleanupPolicyDryRun%2Clabels
[debug] [2026-05-16T20:07:18.769Z] >>> [apiv2][body] PATCH https://artifactregistry.googleapis.com/v1/projects/powiat-decyduje/locations/us-central1/repositories/gcf-artifacts {"name":"projects/powiat-decyduje/locations/us-central1/repositories/gcf-artifacts","cleanupPolicies":{"firebase-functions-cleanup":{"id":"firebase-functions-cleanup","condition":{"tagState":"ANY","olderThan":"86400s"},"action":"DELETE"}},"cleanupPolicyDryRun":false,"labels":{"goog-managed-by":"cloudfunctions"}}
[debug] [2026-05-16T20:07:19.757Z] <<< [apiv2][status] PATCH https://artifactregistry.googleapis.com/v1/projects/powiat-decyduje/locations/us-central1/repositories/gcf-artifacts 200
[debug] [2026-05-16T20:07:19.758Z] <<< [apiv2][body] PATCH https://artifactregistry.googleapis.com/v1/projects/powiat-decyduje/locations/us-central1/repositories/gcf-artifacts {"name":"projects/powiat-decyduje/locations/us-central1/repositories/gcf-artifacts","format":"DOCKER","description":"This repository is created and used by Cloud Functions for storing function docker images.","labels":{"goog-managed-by":"cloudfunctions"},"createTime":"2026-05-16T20:00:15.365742Z","updateTime":"2026-05-16T20:07:19.709628Z","mode":"STANDARD_REPOSITORY","cleanupPolicies":{"firebase-functions-cleanup":{"id":"firebase-functions-cleanup","action":"DELETE","condition":{"tagState":"ANY","olderThan":"86400s"}}},"vulnerabilityScanningConfig":{"lastEnableTime":"2026-05-16T20:00:06.877769137Z","enablementState":"SCANNING_DISABLED","enablementStateReason":"API containerscanning.googleapis.com is not enabled."},"satisfiesPzi":true}
[info] i  functions: Configured cleanup policy for repository in us-central1. 
[debug] [2026-05-16T20:07:19.758Z] Functions deploy failed.
[debug] [2026-05-16T20:07:19.758Z] {
  "endpoint": {
    "id": "createResidentPhoneVerificationCode",
    "project": "powiat-decyduje",
    "region": "us-central1",
    "entryPoint": "createResidentPhoneVerificationCode",
    "platform": "gcfv2",
    "runtime": "nodejs20",
    "callableTrigger": {},
    "labels": {
      "deployment-tool": "cli-firebase"
    },
    "serviceAccount": null,
    "ingressSettings": null,
    "availableMemoryMb": null,
    "timeoutSeconds": null,
    "maxInstances": null,
    "minInstances": null,
    "concurrency": 80,
    "vpc": null,
    "environmentVariables": {
      "FIREBASE_CONFIG": "{\"projectId\":\"powiat-decyduje\",\"storageBucket\":\"powiat-decyduje.firebasestorage.app\"}",
      "GCLOUD_PROJECT": "powiat-decyduje",
      "EVENTARC_CLOUD_EVENT_SOURCE": "projects/powiat-decyduje/locations/REGION_TBD/services/createResidentPhoneVerificationCode"
    },
    "codebase": "default",
    "cpu": 1,
    "targetedByOnly": true,
    "hash": "8cebd0753ff9a33af0e40d4a119e3e84cbf3dc05"
  },
  "op": "create",
  "original": {
    "name": "FirebaseError",
    "children": [],
    "exit": 1,
    "message": "Build failed with status: FAILURE. Could not build the function due to a missing permission on the build service account. If you didn't revoke that permission explicitly, this could be caused by a change in the organization policies. Please refer to the following documentation for more details and resolution: https://cloud.google.com/functions/docs/troubleshooting#build-service-account\n You can also view the logs at https://console.cloud.google.com/cloud-build/builds;region=us-central1/79f9ff71-c66e-4c35-bf41-f1ede2fc483d?project=1029210239146.\n",
    "original": {
      "code": 3,
      "message": "Build failed with status: FAILURE. Could not build the function due to a missing permission on the build service account. If you didn't revoke that permission explicitly, this could be caused by a change in the organization policies. Please refer to the following documentation for more details and resolution: https://cloud.google.com/functions/docs/troubleshooting#build-service-account\n You can also view the logs at https://console.cloud.google.com/cloud-build/builds;region=us-central1/79f9ff71-c66e-4c35-bf41-f1ede2fc483d?project=1029210239146.\n"
    },
    "status": 3,
    "code": 3
  }
}
[debug] [2026-05-16T20:07:19.998Z] Error: Failed to create function createResidentPhoneVerificationCode in region us-central1
    at /Users/jeremiasz1911/Documents/custom/powiat-decyduje.worktrees/copilot-registration-error-fix-not-found/node_modules/firebase-tools/lib/deploy/functions/release/fabricator.js:332:27
    at process.processTicksAndRejections (node:internal/process/task_queues:105:5)
    at async Fabricator.createV2Function (/Users/jeremiasz1911/Documents/custom/powiat-decyduje.worktrees/copilot-registration-error-fix-not-found/node_modules/firebase-tools/lib/deploy/functions/release/fabricator.js:311:30)
    at async Fabricator.createEndpoint (/Users/jeremiasz1911/Documents/custom/powiat-decyduje.worktrees/copilot-registration-error-fix-not-found/node_modules/firebase-tools/lib/deploy/functions/release/fabricator.js:153:13)
    at async Fabricator.wrapOperation (/Users/jeremiasz1911/Documents/custom/powiat-decyduje.worktrees/copilot-registration-error-fix-not-found/node_modules/firebase-tools/lib/deploy/functions/release/fabricator.js:138:13)
    at async Promise.all (index 0)
    at async Promise.allSettled (index 0)
    at async Fabricator.applyPlan (/Users/jeremiasz1911/Documents/custom/powiat-decyduje.worktrees/copilot-registration-error-fix-not-found/node_modules/firebase-tools/lib/deploy/functions/release/fabricator.js:77:45)
    at async release (/Users/jeremiasz1911/Documents/custom/powiat-decyduje.worktrees/copilot-registration-error-fix-not-found/node_modules/firebase-tools/lib/deploy/functions/release/index.js:87:21)
    at async chain (/Users/jeremiasz1911/Documents/custom/powiat-decyduje.worktrees/copilot-registration-error-fix-not-found/node_modules/firebase-tools/lib/deploy/index.js:45:9)
[error] 
[error] Error: There was an error deploying functions
[debug] [2026-05-17T16:21:16.259Z] ----------------------------------------------------------------------
[debug] [2026-05-17T16:21:16.261Z] Command:       /Users/jeremiasz1911/.nvm/versions/node/v23.10.0/bin/node /Users/jeremiasz1911/Documents/custom/powiat-decyduje.worktrees/copilot-registration-error-fix-not-found/node_modules/.bin/firebase deploy --project powiat-decyduje --only functions
[debug] [2026-05-17T16:21:16.261Z] CLI Version:   15.17.0
[debug] [2026-05-17T16:21:16.261Z] Platform:      darwin
[debug] [2026-05-17T16:21:16.261Z] Node Version:  v23.10.0
[debug] [2026-05-17T16:21:16.261Z] Time:          Sun May 17 2026 18:21:16 GMT+0200 (Central European Summer Time)
[debug] [2026-05-17T16:21:16.261Z] ----------------------------------------------------------------------
[debug] 
[debug] [2026-05-17T16:21:17.552Z] > command requires scopes: ["email","openid","https://www.googleapis.com/auth/cloudplatformprojects.readonly","https://www.googleapis.com/auth/firebase","https://www.googleapis.com/auth/cloud-platform"]
[debug] [2026-05-17T16:21:17.553Z] > authorizing via signed-in user (jeremiasz1911@gmail.com)
[debug] [2026-05-17T16:21:17.553Z] [iam] checking project powiat-decyduje for permissions ["cloudfunctions.functions.create","cloudfunctions.functions.delete","cloudfunctions.functions.get","cloudfunctions.functions.list","cloudfunctions.functions.update","cloudfunctions.operations.get","firebase.projects.get"]
[debug] [2026-05-17T16:21:17.554Z] Checked if tokens are valid: false, expires at: 1778965100724
[debug] [2026-05-17T16:21:17.554Z] Checked if tokens are valid: false, expires at: 1778965100724
[debug] [2026-05-17T16:21:17.554Z] > refreshing access token with scopes: []
[debug] [2026-05-17T16:21:17.555Z] >>> [apiv2][query] POST https://www.googleapis.com/oauth2/v3/token [none]
[debug] [2026-05-17T16:21:17.555Z] >>> [apiv2][body] POST https://www.googleapis.com/oauth2/v3/token [omitted]
[debug] [2026-05-17T16:21:17.718Z] <<< [apiv2][status] POST https://www.googleapis.com/oauth2/v3/token 200
[debug] [2026-05-17T16:21:17.719Z] <<< [apiv2][body] POST https://www.googleapis.com/oauth2/v3/token [omitted]
[debug] [2026-05-17T16:21:17.729Z] >>> [apiv2][query] POST https://cloudresourcemanager.googleapis.com/v1/projects/powiat-decyduje:testIamPermissions [none]
[debug] [2026-05-17T16:21:17.729Z] >>> [apiv2][(partial)header] POST https://cloudresourcemanager.googleapis.com/v1/projects/powiat-decyduje:testIamPermissions  x-goog-user-project=powiat-decyduje
[debug] [2026-05-17T16:21:17.729Z] >>> [apiv2][body] POST https://cloudresourcemanager.googleapis.com/v1/projects/powiat-decyduje:testIamPermissions {"permissions":["cloudfunctions.functions.create","cloudfunctions.functions.delete","cloudfunctions.functions.get","cloudfunctions.functions.list","cloudfunctions.functions.update","cloudfunctions.operations.get","firebase.projects.get"]}
[debug] [2026-05-17T16:21:18.513Z] <<< [apiv2][status] POST https://cloudresourcemanager.googleapis.com/v1/projects/powiat-decyduje:testIamPermissions 200
[debug] [2026-05-17T16:21:18.514Z] <<< [apiv2][body] POST https://cloudresourcemanager.googleapis.com/v1/projects/powiat-decyduje:testIamPermissions {"permissions":["cloudfunctions.functions.create","cloudfunctions.functions.delete","cloudfunctions.functions.get","cloudfunctions.functions.list","cloudfunctions.functions.update","cloudfunctions.operations.get","firebase.projects.get"]}
[debug] [2026-05-17T16:21:18.514Z] Checked if tokens are valid: true, expires at: 1779038476719
[debug] [2026-05-17T16:21:18.514Z] Checked if tokens are valid: true, expires at: 1779038476719
[debug] [2026-05-17T16:21:18.514Z] >>> [apiv2][query] POST https://iam.googleapis.com/v1/projects/powiat-decyduje/serviceAccounts/powiat-decyduje@appspot.gserviceaccount.com:testIamPermissions [none]
[debug] [2026-05-17T16:21:18.514Z] >>> [apiv2][body] POST https://iam.googleapis.com/v1/projects/powiat-decyduje/serviceAccounts/powiat-decyduje@appspot.gserviceaccount.com:testIamPermissions {"permissions":["iam.serviceAccounts.actAs"]}
[debug] [2026-05-17T16:21:19.333Z] <<< [apiv2][status] POST https://iam.googleapis.com/v1/projects/powiat-decyduje/serviceAccounts/powiat-decyduje@appspot.gserviceaccount.com:testIamPermissions 200
[debug] [2026-05-17T16:21:19.333Z] <<< [apiv2][body] POST https://iam.googleapis.com/v1/projects/powiat-decyduje/serviceAccounts/powiat-decyduje@appspot.gserviceaccount.com:testIamPermissions {"permissions":["iam.serviceAccounts.actAs"]}
[info] 
[info] === Deploying to 'powiat-decyduje'...
[info] 
[info] i  deploying functions 
[debug] [2026-05-17T16:21:19.334Z] Checked if tokens are valid: true, expires at: 1779038476719
[debug] [2026-05-17T16:21:19.334Z] Checked if tokens are valid: true, expires at: 1779038476719
[debug] [2026-05-17T16:21:19.335Z] >>> [apiv2][query] GET https://cloudresourcemanager.googleapis.com/v1/projects/powiat-decyduje [none]
[debug] [2026-05-17T16:21:19.529Z] <<< [apiv2][status] GET https://cloudresourcemanager.googleapis.com/v1/projects/powiat-decyduje 200
[debug] [2026-05-17T16:21:19.529Z] <<< [apiv2][body] GET https://cloudresourcemanager.googleapis.com/v1/projects/powiat-decyduje {"projectNumber":"1029210239146","projectId":"powiat-decyduje","lifecycleState":"ACTIVE","name":"powiat-decyduje","labels":{"firebase":"enabled","firebase-core":"disabled"},"createTime":"2026-03-26T20:32:51.451Z"}
[info] i  functions: preparing codebase default for deployment 
[info] i  functions: ensuring required API cloudfunctions.googleapis.com is enabled... 
[info] i  functions: ensuring required API cloudbuild.googleapis.com is enabled... 
[info] i  artifactregistry: ensuring required API artifactregistry.googleapis.com is enabled... 
[debug] [2026-05-17T16:21:19.530Z] Checked if tokens are valid: true, expires at: 1779038476719
[debug] [2026-05-17T16:21:19.530Z] Checked if tokens are valid: true, expires at: 1779038476719
[debug] [2026-05-17T16:21:19.530Z] >>> [apiv2][query] GET https://firebase.googleapis.com/v1beta1/projects/powiat-decyduje/adminSdkConfig [none]
[debug] [2026-05-17T16:21:20.238Z] <<< [apiv2][status] GET https://firebase.googleapis.com/v1beta1/projects/powiat-decyduje/adminSdkConfig 200
[debug] [2026-05-17T16:21:20.238Z] <<< [apiv2][body] GET https://firebase.googleapis.com/v1beta1/projects/powiat-decyduje/adminSdkConfig {"projectId":"powiat-decyduje","storageBucket":"powiat-decyduje.firebasestorage.app"}
[debug] [2026-05-17T16:21:20.238Z] Checked if tokens are valid: true, expires at: 1779038476719
[debug] [2026-05-17T16:21:20.238Z] Checked if tokens are valid: true, expires at: 1779038476719
[debug] [2026-05-17T16:21:20.238Z] >>> [apiv2][query] GET https://runtimeconfig.googleapis.com/v1beta1/projects/powiat-decyduje/configs [none]
[debug] [2026-05-17T16:21:20.527Z] <<< [apiv2][status] GET https://runtimeconfig.googleapis.com/v1beta1/projects/powiat-decyduje/configs 200
[debug] [2026-05-17T16:21:20.527Z] <<< [apiv2][body] GET https://runtimeconfig.googleapis.com/v1beta1/projects/powiat-decyduje/configs {}
[debug] [2026-05-17T16:21:20.528Z] Validating nodejs source
[warn] ⚠  functions: Runtime Node.js 20 was deprecated on 2026-04-30 and will be decommissioned on 2026-10-30, after which you will not be able to deploy without upgrading. Consider upgrading now to avoid disruption. See https://cloud.google.com/functions/docs/runtime-support for full details on the lifecycle policy 
[debug] [2026-05-17T16:21:21.286Z] > [functions] package.json contents: {
  "name": "functions",
  "description": "Cloud Functions for SMS authentication",
  "main": "lib/index.js",
  "scripts": {
    "build": "tsc",
    "watch": "tsc --watch",
    "start": "npm run build && firebase emulators:start --only functions",
    "deploy": "firebase deploy --only functions",
    "logs": "firebase functions:log"
  },
  "engines": {
    "node": "20"
  },
  "dependencies": {
    "firebase-admin": "^12.7.0",
    "firebase-functions": "^7.2.0"
  },
  "devDependencies": {
    "typescript": "~5.9.2"
  }
}
[debug] [2026-05-17T16:21:21.286Z] Building nodejs source
[info] i  functions: Loading and analyzing source code for codebase default to determine what to deploy 
[debug] [2026-05-17T16:21:21.287Z] Could not find functions.yaml. Must use http discovery
[debug] [2026-05-17T16:21:21.292Z] Found firebase-functions binary at '/Users/jeremiasz1911/Documents/custom/powiat-decyduje.worktrees/copilot-registration-error-fix-not-found/node_modules/.bin/firebase-functions'
[info] Serving at port 8372

[debug] [2026-05-17T16:21:21.580Z] Got response from /__/functions.yaml {"endpoints":{"createResidentPhoneVerificationCode":{"availableMemoryMb":null,"timeoutSeconds":null,"minInstances":null,"maxInstances":null,"ingressSettings":null,"concurrency":null,"serviceAccountEmail":null,"vpc":null,"platform":"gcfv2","labels":{},"callableTrigger":{},"entryPoint":"createResidentPhoneVerificationCode"},"verifyResidentPhoneCode":{"availableMemoryMb":null,"timeoutSeconds":null,"minInstances":null,"maxInstances":null,"ingressSettings":null,"concurrency":null,"serviceAccountEmail":null,"vpc":null,"platform":"gcfv2","labels":{},"callableTrigger":{},"entryPoint":"verifyResidentPhoneCode"}},"specVersion":"v1alpha1","requiredAPIs":[],"extensions":{}}
[info] i  extensions: ensuring required API firebaseextensions.googleapis.com is enabled... 
[debug] [2026-05-17T16:21:25.598Z] > command requires scopes: ["email","openid","https://www.googleapis.com/auth/cloudplatformprojects.readonly","https://www.googleapis.com/auth/firebase","https://www.googleapis.com/auth/cloud-platform"]
[debug] [2026-05-17T16:21:25.599Z] > authorizing via signed-in user (jeremiasz1911@gmail.com)
[debug] [2026-05-17T16:21:25.599Z] [iam] checking project powiat-decyduje for permissions ["firebase.projects.get","firebaseextensions.instances.list"]
[debug] [2026-05-17T16:21:25.599Z] Checked if tokens are valid: true, expires at: 1779038476719
[debug] [2026-05-17T16:21:25.599Z] Checked if tokens are valid: true, expires at: 1779038476719
[debug] [2026-05-17T16:21:25.599Z] >>> [apiv2][query] POST https://cloudresourcemanager.googleapis.com/v1/projects/powiat-decyduje:testIamPermissions [none]
[debug] [2026-05-17T16:21:25.599Z] >>> [apiv2][(partial)header] POST https://cloudresourcemanager.googleapis.com/v1/projects/powiat-decyduje:testIamPermissions  x-goog-user-project=powiat-decyduje
[debug] [2026-05-17T16:21:25.599Z] >>> [apiv2][body] POST https://cloudresourcemanager.googleapis.com/v1/projects/powiat-decyduje:testIamPermissions {"permissions":["firebase.projects.get","firebaseextensions.instances.list"]}
[debug] [2026-05-17T16:21:25.806Z] <<< [apiv2][status] POST https://cloudresourcemanager.googleapis.com/v1/projects/powiat-decyduje:testIamPermissions 200
[debug] [2026-05-17T16:21:25.806Z] <<< [apiv2][body] POST https://cloudresourcemanager.googleapis.com/v1/projects/powiat-decyduje:testIamPermissions {"permissions":["firebase.projects.get","firebaseextensions.instances.list"]}
[debug] [2026-05-17T16:21:25.807Z] Checked if tokens are valid: true, expires at: 1779038476719
[debug] [2026-05-17T16:21:25.807Z] Checked if tokens are valid: true, expires at: 1779038476719
[debug] [2026-05-17T16:21:25.807Z] >>> [apiv2][query] GET https://firebaseextensions.googleapis.com/v1beta/projects/powiat-decyduje/instances pageSize=100&pageToken=
[debug] [2026-05-17T16:21:26.692Z] <<< [apiv2][status] GET https://firebaseextensions.googleapis.com/v1beta/projects/powiat-decyduje/instances 200
[debug] [2026-05-17T16:21:26.692Z] <<< [apiv2][body] GET https://firebaseextensions.googleapis.com/v1beta/projects/powiat-decyduje/instances {}
[info] i  functions: preparing functions directory for uploading... 
[info] i  functions: packaged /Users/jeremiasz1911/Documents/custom/powiat-decyduje.worktrees/copilot-registration-error-fix-not-found/functions (38.79 KB) for uploading 
[debug] [2026-05-17T16:21:26.716Z] Checked if tokens are valid: true, expires at: 1779038476719
[debug] [2026-05-17T16:21:26.716Z] Checked if tokens are valid: true, expires at: 1779038476719
[debug] [2026-05-17T16:21:26.716Z] >>> [apiv2][query] GET https://cloudfunctions.googleapis.com/v1/projects/powiat-decyduje/locations/-/functions [none]
[debug] [2026-05-17T16:21:27.422Z] <<< [apiv2][status] GET https://cloudfunctions.googleapis.com/v1/projects/powiat-decyduje/locations/-/functions 200
[debug] [2026-05-17T16:21:27.422Z] <<< [apiv2][body] GET https://cloudfunctions.googleapis.com/v1/projects/powiat-decyduje/locations/-/functions {}
[debug] [2026-05-17T16:21:27.422Z] Checked if tokens are valid: true, expires at: 1779038476719
[debug] [2026-05-17T16:21:27.422Z] Checked if tokens are valid: true, expires at: 1779038476719
[debug] [2026-05-17T16:21:27.423Z] >>> [apiv2][query] GET https://cloudfunctions.googleapis.com/v2/projects/powiat-decyduje/locations/-/functions filter=environment%3D%22GEN_2%22
[debug] [2026-05-17T16:21:28.446Z] <<< [apiv2][status] GET https://cloudfunctions.googleapis.com/v2/projects/powiat-decyduje/locations/-/functions 200
[debug] [2026-05-17T16:21:28.446Z] <<< [apiv2][body] GET https://cloudfunctions.googleapis.com/v2/projects/powiat-decyduje/locations/-/functions {"functions":[{"name":"projects/powiat-decyduje/locations/us-central1/functions/createResidentPhoneVerificationCode","buildConfig":{"build":"projects/1029210239146/locations/us-central1/builds/79f9ff71-c66e-4c35-bf41-f1ede2fc483d","runtime":"nodejs20","entryPoint":"createResidentPhoneVerificationCode","source":{"storageSource":{"bucket":"gcf-v2-sources-1029210239146-us-central1","object":"createResidentPhoneVerificationCode/function-source.zip","generation":"1778961594822692"}},"environmentVariables":{"GOOGLE_NODE_RUN_SCRIPTS":""},"dockerRepository":"projects/powiat-decyduje/locations/us-central1/repositories/gcf-artifacts","sourceProvenance":{"resolvedStorageSource":{"bucket":"gcf-v2-sources-1029210239146-us-central1","object":"createResidentPhoneVerificationCode/function-source.zip","generation":"1778961594822692"}},"dockerRegistry":"ARTIFACT_REGISTRY","serviceAccount":"projects/powiat-decyduje/serviceAccounts/1029210239146-compute@developer.gserviceaccount.com","automaticUpdatePolicy":{}},"state":"FAILED","updateTime":"2026-05-16T20:00:52.538758844Z","labels":{"firebase-functions-hash":"8cebd0753ff9a33af0e40d4a119e3e84cbf3dc05","deployment-tool":"cli-firebase","deployment-callable":"true"},"stateMessages":[{"severity":"ERROR","type":"CloudRunServiceNotFound","message":"Cloud Run service projects/powiat-decyduje/locations/us-central1/services/createresidentphoneverificationcode for the function was not found. The function will not work correctly. Please redeploy."}],"environment":"GEN_2","url":"https://us-central1-powiat-decyduje.cloudfunctions.net/createResidentPhoneVerificationCode","createTime":"2026-05-16T19:59:55.256482042Z","satisfiesPzi":true},{"name":"projects/powiat-decyduje/locations/us-central1/functions/verifyResidentPhoneCode","buildConfig":{"build":"projects/1029210239146/locations/us-central1/builds/8fb9729a-b837-4557-b9de-ae5ffa76110e","runtime":"nodejs20","entryPoint":"verifyResidentPhoneCode","source":{"storageSource":{"bucket":"gcf-v2-sources-1029210239146-us-central1","object":"verifyResidentPhoneCode/function-source.zip","generation":"1778961661831538"}},"environmentVariables":{"GOOGLE_NODE_RUN_SCRIPTS":""},"dockerRepository":"projects/powiat-decyduje/locations/us-central1/repositories/gcf-artifacts","sourceProvenance":{"resolvedStorageSource":{"bucket":"gcf-v2-sources-1029210239146-us-central1","object":"verifyResidentPhoneCode/function-source.zip","generation":"1778961661831538"}},"dockerRegistry":"ARTIFACT_REGISTRY","serviceAccount":"projects/powiat-decyduje/serviceAccounts/1029210239146-compute@developer.gserviceaccount.com","automaticUpdatePolicy":{}},"serviceConfig":{"service":"projects/powiat-decyduje/locations/us-central1/services/verifyresidentphonecode","timeoutSeconds":60,"environmentVariables":{"FIREBASE_CONFIG":"{\"projectId\":\"powiat-decyduje\",\"storageBucket\":\"powiat-decyduje.firebasestorage.app\"}","GCLOUD_PROJECT":"powiat-decyduje","EVENTARC_CLOUD_EVENT_SOURCE":"projects/powiat-decyduje/locations/REGION_TBD/services/verifyResidentPhoneCode","FUNCTION_TARGET":"verifyResidentPhoneCode","LOG_EXECUTION_ID":"true"},"ingressSettings":"ALLOW_ALL","uri":"https://verifyresidentphonecode-w5lz57ceaq-uc.a.run.app","serviceAccountEmail":"1029210239146-compute@developer.gserviceaccount.com","availableMemory":"256Mi","allTrafficOnLatestRevision":true,"revision":"verifyresidentphonecode-00001-sin","maxInstanceRequestConcurrency":80,"availableCpu":"1"},"state":"ACTIVE","updateTime":"2026-05-16T20:02:18.106952375Z","labels":{"deployment-tool":"cli-firebase","deployment-callable":"true","firebase-functions-hash":"8cebd0753ff9a33af0e40d4a119e3e84cbf3dc05"},"environment":"GEN_2","url":"https://us-central1-powiat-decyduje.cloudfunctions.net/verifyResidentPhoneCode","createTime":"2026-05-16T20:01:02.052127073Z","satisfiesPzi":true}]}
[info] i  functions: ensuring required API run.googleapis.com is enabled... 
[info] i  functions: ensuring required API eventarc.googleapis.com is enabled... 
[info] i  functions: ensuring required API pubsub.googleapis.com is enabled... 
[info] i  functions: ensuring required API storage.googleapis.com is enabled... 
[info] i  functions: generating the service identity for pubsub.googleapis.com... 
[debug] [2026-05-17T16:21:28.450Z] Checked if tokens are valid: true, expires at: 1779038476719
[debug] [2026-05-17T16:21:28.450Z] Checked if tokens are valid: true, expires at: 1779038476719
[info] i  functions: generating the service identity for eventarc.googleapis.com... 
[debug] [2026-05-17T16:21:28.450Z] Checked if tokens are valid: true, expires at: 1779038476719
[debug] [2026-05-17T16:21:28.450Z] Checked if tokens are valid: true, expires at: 1779038476719
[debug] [2026-05-17T16:21:28.450Z] >>> [apiv2][query] POST https://serviceusage.googleapis.com/v1beta1/projects/1029210239146/services/pubsub.googleapis.com:generateServiceIdentity [none]
[debug] [2026-05-17T16:21:28.450Z] >>> [apiv2][(partial)header] POST https://serviceusage.googleapis.com/v1beta1/projects/1029210239146/services/pubsub.googleapis.com:generateServiceIdentity  x-goog-user-project=1029210239146
[debug] [2026-05-17T16:21:28.450Z] >>> [apiv2][body] POST https://serviceusage.googleapis.com/v1beta1/projects/1029210239146/services/pubsub.googleapis.com:generateServiceIdentity {}
[debug] [2026-05-17T16:21:28.451Z] >>> [apiv2][query] POST https://serviceusage.googleapis.com/v1beta1/projects/1029210239146/services/eventarc.googleapis.com:generateServiceIdentity [none]
[debug] [2026-05-17T16:21:28.451Z] >>> [apiv2][(partial)header] POST https://serviceusage.googleapis.com/v1beta1/projects/1029210239146/services/eventarc.googleapis.com:generateServiceIdentity  x-goog-user-project=1029210239146
[debug] [2026-05-17T16:21:28.451Z] >>> [apiv2][body] POST https://serviceusage.googleapis.com/v1beta1/projects/1029210239146/services/eventarc.googleapis.com:generateServiceIdentity {}
[debug] [2026-05-17T16:21:29.381Z] <<< [apiv2][status] POST https://serviceusage.googleapis.com/v1beta1/projects/1029210239146/services/pubsub.googleapis.com:generateServiceIdentity 200
[debug] [2026-05-17T16:21:29.381Z] <<< [apiv2][body] POST https://serviceusage.googleapis.com/v1beta1/projects/1029210239146/services/pubsub.googleapis.com:generateServiceIdentity {"name":"operations/finished.DONE_OPERATION","done":true,"response":{"@type":"type.googleapis.com/google.api.serviceusage.v1beta1.ServiceIdentity","email":"service-1029210239146@gcp-sa-pubsub.iam.gserviceaccount.com","uniqueId":"106586358238521541581"}}
[debug] [2026-05-17T16:21:29.419Z] <<< [apiv2][status] POST https://serviceusage.googleapis.com/v1beta1/projects/1029210239146/services/eventarc.googleapis.com:generateServiceIdentity 200
[debug] [2026-05-17T16:21:29.419Z] <<< [apiv2][body] POST https://serviceusage.googleapis.com/v1beta1/projects/1029210239146/services/eventarc.googleapis.com:generateServiceIdentity {"name":"operations/finished.DONE_OPERATION","done":true,"response":{"@type":"type.googleapis.com/google.api.serviceusage.v1beta1.ServiceIdentity","email":"service-1029210239146@gcp-sa-eventarc.iam.gserviceaccount.com","uniqueId":"105788428164914661725"}}
[debug] [2026-05-17T16:21:29.421Z] Checked if tokens are valid: true, expires at: 1779038476719
[debug] [2026-05-17T16:21:29.421Z] Checked if tokens are valid: true, expires at: 1779038476719
[debug] [2026-05-17T16:21:29.421Z] >>> [apiv2][query] GET https://cloudresourcemanager.googleapis.com/v1/projects/powiat-decyduje [none]
[debug] [2026-05-17T16:21:29.614Z] <<< [apiv2][status] GET https://cloudresourcemanager.googleapis.com/v1/projects/powiat-decyduje 200
[debug] [2026-05-17T16:21:29.614Z] <<< [apiv2][body] GET https://cloudresourcemanager.googleapis.com/v1/projects/powiat-decyduje {"projectNumber":"1029210239146","projectId":"powiat-decyduje","lifecycleState":"ACTIVE","name":"powiat-decyduje","labels":{"firebase":"enabled","firebase-core":"disabled"},"createTime":"2026-03-26T20:32:51.451Z"}
[debug] [2026-05-17T16:21:29.614Z] Checked if tokens are valid: true, expires at: 1779038476719
[debug] [2026-05-17T16:21:29.614Z] Checked if tokens are valid: true, expires at: 1779038476719
[debug] [2026-05-17T16:21:29.614Z] >>> [apiv2][query] GET https://compute.googleapis.com/compute/v1/projects/1029210239146 [none]
[debug] [2026-05-17T16:21:30.188Z] <<< [apiv2][status] GET https://compute.googleapis.com/compute/v1/projects/1029210239146 200
[debug] [2026-05-17T16:21:30.188Z] <<< [apiv2][body] GET https://compute.googleapis.com/compute/v1/projects/1029210239146 {"kind":"compute#project","id":"935652387876860021","creationTimestamp":"2026-05-16T13:07:54.341-07:00","name":"powiat-decyduje","commonInstanceMetadata":{"kind":"compute#metadata","fingerprint":"gg8laWNl1-Q="},"quotas":[{"metric":"SNAPSHOTS","limit":1000,"usage":0},{"metric":"NETWORKS","limit":5,"usage":1},{"metric":"FIREWALLS","limit":100,"usage":4},{"metric":"IMAGES","limit":100,"usage":0},{"metric":"STATIC_ADDRESSES","limit":8,"usage":0},{"metric":"ROUTES","limit":200,"usage":0},{"metric":"FORWARDING_RULES","limit":15,"usage":0},{"metric":"TARGET_POOLS","limit":50,"usage":0},{"metric":"HEALTH_CHECKS","limit":75,"usage":0},{"metric":"IN_USE_ADDRESSES","limit":8,"usage":0},{"metric":"TARGET_INSTANCES","limit":50,"usage":0},{"metric":"TARGET_HTTP_PROXIES","limit":10,"usage":0},{"metric":"URL_MAPS","limit":10,"usage":0},{"metric":"BACKEND_SERVICES","limit":50,"usage":0},{"metric":"INSTANCE_TEMPLATES","limit":100,"usage":0},{"metric":"TARGET_VPN_GATEWAYS","limit":5,"usage":0},{"metric":"VPN_TUNNELS","limit":10,"usage":0},{"metric":"BACKEND_BUCKETS","limit":3,"usage":0},{"metric":"ROUTERS","limit":10,"usage":0},{"metric":"TARGET_SSL_PROXIES","limit":10,"usage":0},{"metric":"TARGET_HTTPS_PROXIES","limit":10,"usage":0},{"metric":"SSL_CERTIFICATES","limit":10,"usage":0},{"metric":"SUBNETWORKS","limit":100,"usage":0},{"metric":"TARGET_TCP_PROXIES","limit":10,"usage":0},{"metric":"CPUS_ALL_REGIONS","limit":32,"usage":0},{"metric":"SECURITY_POLICIES","limit":10,"usage":0},{"metric":"SECURITY_POLICY_RULES","limit":100,"usage":0},{"metric":"XPN_SERVICE_PROJECTS","limit":1000,"usage":0},{"metric":"PACKET_MIRRORINGS","limit":20,"usage":0},{"metric":"NETWORK_ENDPOINT_GROUPS","limit":100,"usage":0},{"metric":"INTERCONNECTS","limit":6,"usage":0},{"metric":"SSL_POLICIES","limit":10,"usage":0},{"metric":"GLOBAL_INTERNAL_ADDRESSES","limit":5000,"usage":0},{"metric":"VPN_GATEWAYS","limit":5,"usage":0},{"metric":"MACHINE_IMAGES","limit":100,"usage":0},{"metric":"SECURITY_POLICY_CEVAL_RULES","limit":20,"usage":0},{"metric":"GPUS_ALL_REGIONS","limit":0,"usage":0},{"metric":"EXTERNAL_VPN_GATEWAYS","limit":5,"usage":0},{"metric":"PUBLIC_ADVERTISED_PREFIXES","limit":1,"usage":0},{"metric":"PUBLIC_DELEGATED_PREFIXES","limit":10,"usage":0},{"metric":"STATIC_BYOIP_ADDRESSES","limit":128,"usage":0},{"metric":"NETWORK_FIREWALL_POLICIES","limit":10,"usage":0},{"metric":"INTERNAL_TRAFFIC_DIRECTOR_FORWARDING_RULES","limit":15,"usage":0},{"metric":"GLOBAL_EXTERNAL_MANAGED_FORWARDING_RULES","limit":15,"usage":0},{"metric":"GLOBAL_INTERNAL_MANAGED_BACKEND_SERVICES","limit":50,"usage":0},{"metric":"GLOBAL_EXTERNAL_MANAGED_BACKEND_SERVICES","limit":50,"usage":0},{"metric":"GLOBAL_EXTERNAL_PROXY_LB_BACKEND_SERVICES","limit":50,"usage":0},{"metric":"GLOBAL_INTERNAL_TRAFFIC_DIRECTOR_BACKEND_SERVICES","limit":250,"usage":0}],"selfLink":"https://www.googleapis.com/compute/v1/projects/powiat-decyduje","defaultServiceAccount":"1029210239146-compute@developer.gserviceaccount.com","xpnProjectStatus":"UNSPECIFIED_XPN_PROJECT_STATUS","defaultNetworkTier":"PREMIUM","vmDnsSetting":"ZONAL_ONLY","cloudArmorTier":"CA_STANDARD"}
[debug] [2026-05-17T16:21:30.190Z] Checked if tokens are valid: true, expires at: 1779038476719
[debug] [2026-05-17T16:21:30.190Z] Checked if tokens are valid: true, expires at: 1779038476719
[debug] [2026-05-17T16:21:30.190Z] >>> [apiv2][query] GET https://cloudbilling.googleapis.com/v1/projects/powiat-decyduje/billingInfo [none]
[debug] [2026-05-17T16:21:30.567Z] <<< [apiv2][status] GET https://cloudbilling.googleapis.com/v1/projects/powiat-decyduje/billingInfo 200
[debug] [2026-05-17T16:21:30.567Z] <<< [apiv2][body] GET https://cloudbilling.googleapis.com/v1/projects/powiat-decyduje/billingInfo {"name":"projects/powiat-decyduje/billingInfo","projectId":"powiat-decyduje","billingAccountName":"billingAccounts/0168EB-7CDA6B-F05389","billingEnabled":true}
[debug] [2026-05-17T16:21:30.568Z] Checked if tokens are valid: true, expires at: 1779038476719
[debug] [2026-05-17T16:21:30.568Z] Checked if tokens are valid: true, expires at: 1779038476719
[debug] [2026-05-17T16:21:30.568Z] >>> [apiv2][query] POST https://cloudfunctions.googleapis.com/v2/projects/powiat-decyduje/locations/us-central1/functions:generateUploadUrl [none]
[debug] [2026-05-17T16:21:31.366Z] <<< [apiv2][status] POST https://cloudfunctions.googleapis.com/v2/projects/powiat-decyduje/locations/us-central1/functions:generateUploadUrl 200
[debug] [2026-05-17T16:21:31.366Z] <<< [apiv2][body] POST https://cloudfunctions.googleapis.com/v2/projects/powiat-decyduje/locations/us-central1/functions:generateUploadUrl {"uploadUrl":"https://storage.googleapis.com/gcf-v2-uploads-1029210239146.us-central1.cloudfunctions.appspot.com/be97c082-fe49-44af-88b2-beebec9c01cb.zip?GoogleAccessId=service-1029210239146@gcf-admin-robot.iam.gserviceaccount.com&Expires=1779036691&Signature=CpoElt4qI4DXD0aSJkIhYdPo8cAquXKePx6Sa1HLJf%2BFuIJPOxvLrYXVTAjU%2BRNBTuFiXiacRLxzHITIrKTPvqE4TieGAgzBMeE6eJrrp0lprun%2FJU6L4zk%2B1E0aPED3CW8Mu6DCkwnqNOpwrmtp3GnAfejAAaVCV6kRlfet90yHJUOxjxIgUv%2B3yHRWzi1J%2FJni8%2FfSO3dAVYkSjDpIQPRrxNWIvcFWKsMxxrsaoVqxzOV%2B2AxYmezwNc9s2jnclp8dbwE9U%2BD72FUQwhnF4OfZZWIMaWiwoQOYLkyxi41cURXNq8XKnl6hD15yBQXsDlW9InYBALeyKD5Kgrulyg%3D%3D","storageSource":{"bucket":"gcf-v2-uploads-1029210239146.us-central1.cloudfunctions.appspot.com","object":"be97c082-fe49-44af-88b2-beebec9c01cb.zip"}}
[debug] [2026-05-17T16:21:31.366Z] >>> [apiv2][query] PUT https://storage.googleapis.com/gcf-v2-uploads-1029210239146.us-central1.cloudfunctions.appspot.com/be97c082-fe49-44af-88b2-beebec9c01cb.zip GoogleAccessId=service-1029210239146%40gcf-admin-robot.iam.gserviceaccount.com&Expires=1779036691&Signature=CpoElt4qI4DXD0aSJkIhYdPo8cAquXKePx6Sa1HLJf%2BFuIJPOxvLrYXVTAjU%2BRNBTuFiXiacRLxzHITIrKTPvqE4TieGAgzBMeE6eJrrp0lprun%2FJU6L4zk%2B1E0aPED3CW8Mu6DCkwnqNOpwrmtp3GnAfejAAaVCV6kRlfet90yHJUOxjxIgUv%2B3yHRWzi1J%2FJni8%2FfSO3dAVYkSjDpIQPRrxNWIvcFWKsMxxrsaoVqxzOV%2B2AxYmezwNc9s2jnclp8dbwE9U%2BD72FUQwhnF4OfZZWIMaWiwoQOYLkyxi41cURXNq8XKnl6hD15yBQXsDlW9InYBALeyKD5Kgrulyg%3D%3D
[debug] [2026-05-17T16:21:31.366Z] >>> [apiv2][body] PUT https://storage.googleapis.com/gcf-v2-uploads-1029210239146.us-central1.cloudfunctions.appspot.com/be97c082-fe49-44af-88b2-beebec9c01cb.zip [stream]
[debug] [2026-05-17T16:21:31.796Z] <<< [apiv2][status] PUT https://storage.googleapis.com/gcf-v2-uploads-1029210239146.us-central1.cloudfunctions.appspot.com/be97c082-fe49-44af-88b2-beebec9c01cb.zip 200
[debug] [2026-05-17T16:21:31.796Z] <<< [apiv2][body] PUT https://storage.googleapis.com/gcf-v2-uploads-1029210239146.us-central1.cloudfunctions.appspot.com/be97c082-fe49-44af-88b2-beebec9c01cb.zip [omitted]
[info] ✔  functions: functions source uploaded successfully 
[info] i  functions: Skipping the deploy of unchanged functions. 
[info] ✔  functions[verifyResidentPhoneCode(us-central1)] Skipped (No changes detected) 
[info] i  functions: updating Node.js 20 (2nd Gen) function createResidentPhoneVerificationCode(us-central1)... 
[debug] [2026-05-17T16:21:31.800Z] Checked if tokens are valid: true, expires at: 1779038476719
[debug] [2026-05-17T16:21:31.800Z] Checked if tokens are valid: true, expires at: 1779038476719
[debug] [2026-05-17T16:21:31.800Z] >>> [apiv2][query] PATCH https://cloudfunctions.googleapis.com/v2/projects/powiat-decyduje/locations/us-central1/functions/createResidentPhoneVerificationCode updateMask=name%2CbuildConfig.runtime%2CbuildConfig.entryPoint%2CbuildConfig.source.storageSource.bucket%2CbuildConfig.source.storageSource.object%2CbuildConfig.environmentVariables%2CbuildConfig.sourceToken%2CserviceConfig.environmentVariables%2CserviceConfig.ingressSettings%2CserviceConfig.timeoutSeconds%2CserviceConfig.serviceAccountEmail%2CserviceConfig.availableMemory%2CserviceConfig.minInstanceCount%2CserviceConfig.maxInstanceCount%2CserviceConfig.maxInstanceRequestConcurrency%2CserviceConfig.availableCpu%2CserviceConfig.vpcConnector%2CserviceConfig.vpcConnectorEgressSettings%2CserviceConfig.directVpcNetworkInterface%2CserviceConfig.directVpcEgress%2Clabels
[debug] [2026-05-17T16:21:31.800Z] >>> [apiv2][body] PATCH https://cloudfunctions.googleapis.com/v2/projects/powiat-decyduje/locations/us-central1/functions/createResidentPhoneVerificationCode {"name":"projects/powiat-decyduje/locations/us-central1/functions/createResidentPhoneVerificationCode","buildConfig":{"runtime":"nodejs20","entryPoint":"createResidentPhoneVerificationCode","source":{"storageSource":{"bucket":"gcf-v2-uploads-1029210239146.us-central1.cloudfunctions.appspot.com","object":"be97c082-fe49-44af-88b2-beebec9c01cb.zip"}},"environmentVariables":{"GOOGLE_NODE_RUN_SCRIPTS":""}},"serviceConfig":{"environmentVariables":{"FIREBASE_CONFIG":"{\"projectId\":\"powiat-decyduje\",\"storageBucket\":\"powiat-decyduje.firebasestorage.app\"}","GCLOUD_PROJECT":"powiat-decyduje","EVENTARC_CLOUD_EVENT_SOURCE":"projects/powiat-decyduje/locations/REGION_TBD/services/createResidentPhoneVerificationCode","FUNCTION_TARGET":"createResidentPhoneVerificationCode","LOG_EXECUTION_ID":"true"},"ingressSettings":null,"timeoutSeconds":null,"serviceAccountEmail":null,"availableMemory":"256Mi","minInstanceCount":null,"maxInstanceCount":null,"maxInstanceRequestConcurrency":80,"availableCpu":"1","vpcConnector":null,"vpcConnectorEgressSettings":null,"directVpcNetworkInterface":null,"directVpcEgress":null},"labels":{"deployment-tool":"cli-firebase","deployment-callable":"true","firebase-functions-hash":"8cebd0753ff9a33af0e40d4a119e3e84cbf3dc05"}}
[debug] [2026-05-17T16:21:33.465Z] <<< [apiv2][status] PATCH https://cloudfunctions.googleapis.com/v2/projects/powiat-decyduje/locations/us-central1/functions/createResidentPhoneVerificationCode 200
[debug] [2026-05-17T16:21:33.466Z] <<< [apiv2][body] PATCH https://cloudfunctions.googleapis.com/v2/projects/powiat-decyduje/locations/us-central1/functions/createResidentPhoneVerificationCode {"name":"projects/powiat-decyduje/locations/us-central1/operations/operation-1779034892585-65205d6d0c8b1-d0a14e43-7b6cd928","metadata":{"@type":"type.googleapis.com/google.cloud.functions.v2.OperationMetadata","createTime":"2026-05-17T16:21:33.389988728Z","target":"projects/powiat-decyduje/locations/us-central1/functions/createResidentPhoneVerificationCode","verb":"update","cancelRequested":false,"apiVersion":"v2"},"done":false}
[debug] [2026-05-17T16:21:33.466Z] Checked if tokens are valid: true, expires at: 1779038476719
[debug] [2026-05-17T16:21:33.466Z] Checked if tokens are valid: true, expires at: 1779038476719
[debug] [2026-05-17T16:21:33.466Z] >>> [apiv2][query] GET https://cloudfunctions.googleapis.com/v2/projects/powiat-decyduje/locations/us-central1/operations/operation-1779034892585-65205d6d0c8b1-d0a14e43-7b6cd928 [none]
[debug] [2026-05-17T16:21:34.284Z] <<< [apiv2][status] GET https://cloudfunctions.googleapis.com/v2/projects/powiat-decyduje/locations/us-central1/operations/operation-1779034892585-65205d6d0c8b1-d0a14e43-7b6cd928 200
[debug] [2026-05-17T16:21:34.284Z] <<< [apiv2][body] GET https://cloudfunctions.googleapis.com/v2/projects/powiat-decyduje/locations/us-central1/operations/operation-1779034892585-65205d6d0c8b1-d0a14e43-7b6cd928 {"name":"projects/powiat-decyduje/locations/us-central1/operations/operation-1779034892585-65205d6d0c8b1-d0a14e43-7b6cd928","metadata":{"@type":"type.googleapis.com/google.cloud.functions.v2.OperationMetadata","createTime":"2026-05-17T16:21:33.389988728Z","target":"projects/powiat-decyduje/locations/us-central1/functions/createResidentPhoneVerificationCode","verb":"update","cancelRequested":false,"apiVersion":"v2","requestResource":{"@type":"type.googleapis.com/google.cloud.functions.v2.Function","name":"projects/powiat-decyduje/locations/us-central1/functions/createResidentPhoneVerificationCode","buildConfig":{"runtime":"nodejs20","entryPoint":"createResidentPhoneVerificationCode","source":{"storageSource":{"bucket":"gcf-v2-sources-1029210239146-us-central1","object":"createResidentPhoneVerificationCode/function-source.zip","generation":"1779034893336228"}},"environmentVariables":{"GOOGLE_NODE_RUN_SCRIPTS":""},"dockerRepository":"projects/powiat-decyduje/locations/us-central1/repositories/gcf-artifacts","sourceProvenance":{"resolvedStorageSource":{"bucket":"gcf-v2-sources-1029210239146-us-central1","object":"createResidentPhoneVerificationCode/function-source.zip","generation":"1778961594822692"}},"dockerRegistry":"ARTIFACT_REGISTRY","serviceAccount":"projects/powiat-decyduje/serviceAccounts/1029210239146-compute@developer.gserviceaccount.com","automaticUpdatePolicy":{}},"serviceConfig":{"service":"projects/powiat-decyduje/locations/us-central1/services/createresidentphoneverificationcode","timeoutSeconds":60,"environmentVariables":{"FIREBASE_CONFIG":"{\"projectId\":\"powiat-decyduje\",\"storageBucket\":\"powiat-decyduje.firebasestorage.app\"}","GCLOUD_PROJECT":"powiat-decyduje","EVENTARC_CLOUD_EVENT_SOURCE":"projects/powiat-decyduje/locations/REGION_TBD/services/createResidentPhoneVerificationCode","FUNCTION_TARGET":"createResidentPhoneVerificationCode","LOG_EXECUTION_ID":"true"},"ingressSettings":"ALLOW_ALL","serviceAccountEmail":"1029210239146-compute@developer.gserviceaccount.com","availableMemory":"256Mi","maxInstanceRequestConcurrency":80,"availableCpu":"1"},"state":"FAILED","labels":{"deployment-callable":"true","firebase-functions-hash":"8cebd0753ff9a33af0e40d4a119e3e84cbf3dc05"},"stateMessages":[{"severity":"ERROR","type":"CloudRunServiceNotFound","message":"Cloud Run service projects/powiat-decyduje/locations/us-central1/services/createresidentphoneverificationcode for the function was not found. The function will not work correctly. Please redeploy."}],"environment":"GEN_2","url":"https://us-central1-powiat-decyduje.cloudfunctions.net/createResidentPhoneVerificationCode","satisfiesPzi":true},"stages":[{"name":"BUILD","message":"Creating build","state":"IN_PROGRESS","resource":"projects/1029210239146/locations/us-central1/builds/620b5bb6-5225-4f74-bb66-b0f593930f8c","resourceUri":"https://console.cloud.google.com/cloud-build/builds;region=us-central1/620b5bb6-5225-4f74-bb66-b0f593930f8c?project=1029210239146"},{"name":"SERVICE","state":"NOT_STARTED"}],"operationType":"UPDATE_FUNCTION","buildName":"projects/1029210239146/locations/us-central1/builds/620b5bb6-5225-4f74-bb66-b0f593930f8c"},"done":false}
[debug] [2026-05-17T16:21:34.786Z] [update-default-us-central1-createResidentPhoneVerificationCode] Retrying task index 0
[debug] [2026-05-17T16:21:34.786Z] Checked if tokens are valid: true, expires at: 1779038476719
[debug] [2026-05-17T16:21:34.786Z] Checked if tokens are valid: true, expires at: 1779038476719
[debug] [2026-05-17T16:21:34.786Z] >>> [apiv2][query] GET https://cloudfunctions.googleapis.com/v2/projects/powiat-decyduje/locations/us-central1/operations/operation-1779034892585-65205d6d0c8b1-d0a14e43-7b6cd928 [none]
[debug] [2026-05-17T16:21:35.091Z] <<< [apiv2][status] GET https://cloudfunctions.googleapis.com/v2/projects/powiat-decyduje/locations/us-central1/operations/operation-1779034892585-65205d6d0c8b1-d0a14e43-7b6cd928 200
[debug] [2026-05-17T16:21:35.091Z] <<< [apiv2][body] GET https://cloudfunctions.googleapis.com/v2/projects/powiat-decyduje/locations/us-central1/operations/operation-1779034892585-65205d6d0c8b1-d0a14e43-7b6cd928 {"name":"projects/powiat-decyduje/locations/us-central1/operations/operation-1779034892585-65205d6d0c8b1-d0a14e43-7b6cd928","metadata":{"@type":"type.googleapis.com/google.cloud.functions.v2.OperationMetadata","createTime":"2026-05-17T16:21:33.389988728Z","target":"projects/powiat-decyduje/locations/us-central1/functions/createResidentPhoneVerificationCode","verb":"update","cancelRequested":false,"apiVersion":"v2","requestResource":{"@type":"type.googleapis.com/google.cloud.functions.v2.Function","name":"projects/powiat-decyduje/locations/us-central1/functions/createResidentPhoneVerificationCode","buildConfig":{"runtime":"nodejs20","entryPoint":"createResidentPhoneVerificationCode","source":{"storageSource":{"bucket":"gcf-v2-sources-1029210239146-us-central1","object":"createResidentPhoneVerificationCode/function-source.zip","generation":"1779034893336228"}},"environmentVariables":{"GOOGLE_NODE_RUN_SCRIPTS":""},"dockerRepository":"projects/powiat-decyduje/locations/us-central1/repositories/gcf-artifacts","sourceProvenance":{"resolvedStorageSource":{"bucket":"gcf-v2-sources-1029210239146-us-central1","object":"createResidentPhoneVerificationCode/function-source.zip","generation":"1778961594822692"}},"dockerRegistry":"ARTIFACT_REGISTRY","serviceAccount":"projects/powiat-decyduje/serviceAccounts/1029210239146-compute@developer.gserviceaccount.com","automaticUpdatePolicy":{}},"serviceConfig":{"service":"projects/powiat-decyduje/locations/us-central1/services/createresidentphoneverificationcode","timeoutSeconds":60,"environmentVariables":{"FIREBASE_CONFIG":"{\"projectId\":\"powiat-decyduje\",\"storageBucket\":\"powiat-decyduje.firebasestorage.app\"}","GCLOUD_PROJECT":"powiat-decyduje","EVENTARC_CLOUD_EVENT_SOURCE":"projects/powiat-decyduje/locations/REGION_TBD/services/createResidentPhoneVerificationCode","FUNCTION_TARGET":"createResidentPhoneVerificationCode","LOG_EXECUTION_ID":"true"},"ingressSettings":"ALLOW_ALL","serviceAccountEmail":"1029210239146-compute@developer.gserviceaccount.com","availableMemory":"256Mi","maxInstanceRequestConcurrency":80,"availableCpu":"1"},"state":"FAILED","labels":{"deployment-callable":"true","firebase-functions-hash":"8cebd0753ff9a33af0e40d4a119e3e84cbf3dc05"},"stateMessages":[{"severity":"ERROR","type":"CloudRunServiceNotFound","message":"Cloud Run service projects/powiat-decyduje/locations/us-central1/services/createresidentphoneverificationcode for the function was not found. The function will not work correctly. Please redeploy."}],"environment":"GEN_2","url":"https://us-central1-powiat-decyduje.cloudfunctions.net/createResidentPhoneVerificationCode","satisfiesPzi":true},"stages":[{"name":"BUILD","message":"Build in progress","state":"IN_PROGRESS","resource":"projects/1029210239146/locations/us-central1/builds/620b5bb6-5225-4f74-bb66-b0f593930f8c","resourceUri":"https://console.cloud.google.com/cloud-build/builds;region=us-central1/620b5bb6-5225-4f74-bb66-b0f593930f8c?project=1029210239146"},{"name":"SERVICE","state":"NOT_STARTED"}],"operationType":"UPDATE_FUNCTION","buildName":"projects/1029210239146/locations/us-central1/builds/620b5bb6-5225-4f74-bb66-b0f593930f8c"},"done":false}
[debug] [2026-05-17T16:21:36.092Z] [update-default-us-central1-createResidentPhoneVerificationCode] Retrying task index 0
[debug] [2026-05-17T16:21:36.092Z] Checked if tokens are valid: true, expires at: 1779038476719
[debug] [2026-05-17T16:21:36.092Z] Checked if tokens are valid: true, expires at: 1779038476719
[debug] [2026-05-17T16:21:36.092Z] >>> [apiv2][query] GET https://cloudfunctions.googleapis.com/v2/projects/powiat-decyduje/locations/us-central1/operations/operation-1779034892585-65205d6d0c8b1-d0a14e43-7b6cd928 [none]
[debug] [2026-05-17T16:21:36.818Z] <<< [apiv2][status] GET https://cloudfunctions.googleapis.com/v2/projects/powiat-decyduje/locations/us-central1/operations/operation-1779034892585-65205d6d0c8b1-d0a14e43-7b6cd928 200
[debug] [2026-05-17T16:21:36.819Z] <<< [apiv2][body] GET https://cloudfunctions.googleapis.com/v2/projects/powiat-decyduje/locations/us-central1/operations/operation-1779034892585-65205d6d0c8b1-d0a14e43-7b6cd928 {"name":"projects/powiat-decyduje/locations/us-central1/operations/operation-1779034892585-65205d6d0c8b1-d0a14e43-7b6cd928","metadata":{"@type":"type.googleapis.com/google.cloud.functions.v2.OperationMetadata","createTime":"2026-05-17T16:21:33.389988728Z","target":"projects/powiat-decyduje/locations/us-central1/functions/createResidentPhoneVerificationCode","verb":"update","cancelRequested":false,"apiVersion":"v2","requestResource":{"@type":"type.googleapis.com/google.cloud.functions.v2.Function","name":"projects/powiat-decyduje/locations/us-central1/functions/createResidentPhoneVerificationCode","buildConfig":{"runtime":"nodejs20","entryPoint":"createResidentPhoneVerificationCode","source":{"storageSource":{"bucket":"gcf-v2-sources-1029210239146-us-central1","object":"createResidentPhoneVerificationCode/function-source.zip","generation":"1779034893336228"}},"environmentVariables":{"GOOGLE_NODE_RUN_SCRIPTS":""},"dockerRepository":"projects/powiat-decyduje/locations/us-central1/repositories/gcf-artifacts","sourceProvenance":{"resolvedStorageSource":{"bucket":"gcf-v2-sources-1029210239146-us-central1","object":"createResidentPhoneVerificationCode/function-source.zip","generation":"1778961594822692"}},"dockerRegistry":"ARTIFACT_REGISTRY","serviceAccount":"projects/powiat-decyduje/serviceAccounts/1029210239146-compute@developer.gserviceaccount.com","automaticUpdatePolicy":{}},"serviceConfig":{"service":"projects/powiat-decyduje/locations/us-central1/services/createresidentphoneverificationcode","timeoutSeconds":60,"environmentVariables":{"FIREBASE_CONFIG":"{\"projectId\":\"powiat-decyduje\",\"storageBucket\":\"powiat-decyduje.firebasestorage.app\"}","GCLOUD_PROJECT":"powiat-decyduje","EVENTARC_CLOUD_EVENT_SOURCE":"projects/powiat-decyduje/locations/REGION_TBD/services/createResidentPhoneVerificationCode","FUNCTION_TARGET":"createResidentPhoneVerificationCode","LOG_EXECUTION_ID":"true"},"ingressSettings":"ALLOW_ALL","serviceAccountEmail":"1029210239146-compute@developer.gserviceaccount.com","availableMemory":"256Mi","maxInstanceRequestConcurrency":80,"availableCpu":"1"},"state":"FAILED","labels":{"deployment-callable":"true","firebase-functions-hash":"8cebd0753ff9a33af0e40d4a119e3e84cbf3dc05"},"stateMessages":[{"severity":"ERROR","type":"CloudRunServiceNotFound","message":"Cloud Run service projects/powiat-decyduje/locations/us-central1/services/createresidentphoneverificationcode for the function was not found. The function will not work correctly. Please redeploy."}],"environment":"GEN_2","url":"https://us-central1-powiat-decyduje.cloudfunctions.net/createResidentPhoneVerificationCode","satisfiesPzi":true},"stages":[{"name":"BUILD","message":"Build in progress","state":"IN_PROGRESS","resource":"projects/1029210239146/locations/us-central1/builds/620b5bb6-5225-4f74-bb66-b0f593930f8c","resourceUri":"https://console.cloud.google.com/cloud-build/builds;region=us-central1/620b5bb6-5225-4f74-bb66-b0f593930f8c?project=1029210239146"},{"name":"SERVICE","state":"NOT_STARTED"}],"operationType":"UPDATE_FUNCTION","buildName":"projects/1029210239146/locations/us-central1/builds/620b5bb6-5225-4f74-bb66-b0f593930f8c"},"done":false}
[debug] [2026-05-17T16:21:38.820Z] [update-default-us-central1-createResidentPhoneVerificationCode] Retrying task index 0
[debug] [2026-05-17T16:21:38.820Z] Checked if tokens are valid: true, expires at: 1779038476719
[debug] [2026-05-17T16:21:38.820Z] Checked if tokens are valid: true, expires at: 1779038476719
[debug] [2026-05-17T16:21:38.821Z] >>> [apiv2][query] GET https://cloudfunctions.googleapis.com/v2/projects/powiat-decyduje/locations/us-central1/operations/operation-1779034892585-65205d6d0c8b1-d0a14e43-7b6cd928 [none]
[debug] [2026-05-17T16:21:39.552Z] <<< [apiv2][status] GET https://cloudfunctions.googleapis.com/v2/projects/powiat-decyduje/locations/us-central1/operations/operation-1779034892585-65205d6d0c8b1-d0a14e43-7b6cd928 200
[debug] [2026-05-17T16:21:39.552Z] <<< [apiv2][body] GET https://cloudfunctions.googleapis.com/v2/projects/powiat-decyduje/locations/us-central1/operations/operation-1779034892585-65205d6d0c8b1-d0a14e43-7b6cd928 {"name":"projects/powiat-decyduje/locations/us-central1/operations/operation-1779034892585-65205d6d0c8b1-d0a14e43-7b6cd928","metadata":{"@type":"type.googleapis.com/google.cloud.functions.v2.OperationMetadata","createTime":"2026-05-17T16:21:33.389988728Z","target":"projects/powiat-decyduje/locations/us-central1/functions/createResidentPhoneVerificationCode","verb":"update","cancelRequested":false,"apiVersion":"v2","requestResource":{"@type":"type.googleapis.com/google.cloud.functions.v2.Function","name":"projects/powiat-decyduje/locations/us-central1/functions/createResidentPhoneVerificationCode","buildConfig":{"runtime":"nodejs20","entryPoint":"createResidentPhoneVerificationCode","source":{"storageSource":{"bucket":"gcf-v2-sources-1029210239146-us-central1","object":"createResidentPhoneVerificationCode/function-source.zip","generation":"1779034893336228"}},"environmentVariables":{"GOOGLE_NODE_RUN_SCRIPTS":""},"dockerRepository":"projects/powiat-decyduje/locations/us-central1/repositories/gcf-artifacts","sourceProvenance":{"resolvedStorageSource":{"bucket":"gcf-v2-sources-1029210239146-us-central1","object":"createResidentPhoneVerificationCode/function-source.zip","generation":"1778961594822692"}},"dockerRegistry":"ARTIFACT_REGISTRY","serviceAccount":"projects/powiat-decyduje/serviceAccounts/1029210239146-compute@developer.gserviceaccount.com","automaticUpdatePolicy":{}},"serviceConfig":{"service":"projects/powiat-decyduje/locations/us-central1/services/createresidentphoneverificationcode","timeoutSeconds":60,"environmentVariables":{"FIREBASE_CONFIG":"{\"projectId\":\"powiat-decyduje\",\"storageBucket\":\"powiat-decyduje.firebasestorage.app\"}","GCLOUD_PROJECT":"powiat-decyduje","EVENTARC_CLOUD_EVENT_SOURCE":"projects/powiat-decyduje/locations/REGION_TBD/services/createResidentPhoneVerificationCode","FUNCTION_TARGET":"createResidentPhoneVerificationCode","LOG_EXECUTION_ID":"true"},"ingressSettings":"ALLOW_ALL","serviceAccountEmail":"1029210239146-compute@developer.gserviceaccount.com","availableMemory":"256Mi","maxInstanceRequestConcurrency":80,"availableCpu":"1"},"state":"FAILED","labels":{"deployment-callable":"true","firebase-functions-hash":"8cebd0753ff9a33af0e40d4a119e3e84cbf3dc05"},"stateMessages":[{"severity":"ERROR","type":"CloudRunServiceNotFound","message":"Cloud Run service projects/powiat-decyduje/locations/us-central1/services/createresidentphoneverificationcode for the function was not found. The function will not work correctly. Please redeploy."}],"environment":"GEN_2","url":"https://us-central1-powiat-decyduje.cloudfunctions.net/createResidentPhoneVerificationCode","satisfiesPzi":true},"stages":[{"name":"BUILD","message":"Build in progress","state":"IN_PROGRESS","resource":"projects/1029210239146/locations/us-central1/builds/620b5bb6-5225-4f74-bb66-b0f593930f8c","resourceUri":"https://console.cloud.google.com/cloud-build/builds;region=us-central1/620b5bb6-5225-4f74-bb66-b0f593930f8c?project=1029210239146"},{"name":"SERVICE","state":"NOT_STARTED"}],"operationType":"UPDATE_FUNCTION","buildName":"projects/1029210239146/locations/us-central1/builds/620b5bb6-5225-4f74-bb66-b0f593930f8c"},"done":false}
[debug] [2026-05-17T16:21:43.554Z] [update-default-us-central1-createResidentPhoneVerificationCode] Retrying task index 0
[debug] [2026-05-17T16:21:43.554Z] Checked if tokens are valid: true, expires at: 1779038476719
[debug] [2026-05-17T16:21:43.554Z] Checked if tokens are valid: true, expires at: 1779038476719
[debug] [2026-05-17T16:21:43.554Z] >>> [apiv2][query] GET https://cloudfunctions.googleapis.com/v2/projects/powiat-decyduje/locations/us-central1/operations/operation-1779034892585-65205d6d0c8b1-d0a14e43-7b6cd928 [none]
[debug] [2026-05-17T16:21:44.287Z] <<< [apiv2][status] GET https://cloudfunctions.googleapis.com/v2/projects/powiat-decyduje/locations/us-central1/operations/operation-1779034892585-65205d6d0c8b1-d0a14e43-7b6cd928 200
[debug] [2026-05-17T16:21:44.287Z] <<< [apiv2][body] GET https://cloudfunctions.googleapis.com/v2/projects/powiat-decyduje/locations/us-central1/operations/operation-1779034892585-65205d6d0c8b1-d0a14e43-7b6cd928 {"name":"projects/powiat-decyduje/locations/us-central1/operations/operation-1779034892585-65205d6d0c8b1-d0a14e43-7b6cd928","metadata":{"@type":"type.googleapis.com/google.cloud.functions.v2.OperationMetadata","createTime":"2026-05-17T16:21:33.389988728Z","target":"projects/powiat-decyduje/locations/us-central1/functions/createResidentPhoneVerificationCode","verb":"update","cancelRequested":false,"apiVersion":"v2","requestResource":{"@type":"type.googleapis.com/google.cloud.functions.v2.Function","name":"projects/powiat-decyduje/locations/us-central1/functions/createResidentPhoneVerificationCode","buildConfig":{"runtime":"nodejs20","entryPoint":"createResidentPhoneVerificationCode","source":{"storageSource":{"bucket":"gcf-v2-sources-1029210239146-us-central1","object":"createResidentPhoneVerificationCode/function-source.zip","generation":"1779034893336228"}},"environmentVariables":{"GOOGLE_NODE_RUN_SCRIPTS":""},"dockerRepository":"projects/powiat-decyduje/locations/us-central1/repositories/gcf-artifacts","sourceProvenance":{"resolvedStorageSource":{"bucket":"gcf-v2-sources-1029210239146-us-central1","object":"createResidentPhoneVerificationCode/function-source.zip","generation":"1778961594822692"}},"dockerRegistry":"ARTIFACT_REGISTRY","serviceAccount":"projects/powiat-decyduje/serviceAccounts/1029210239146-compute@developer.gserviceaccount.com","automaticUpdatePolicy":{}},"serviceConfig":{"service":"projects/powiat-decyduje/locations/us-central1/services/createresidentphoneverificationcode","timeoutSeconds":60,"environmentVariables":{"FIREBASE_CONFIG":"{\"projectId\":\"powiat-decyduje\",\"storageBucket\":\"powiat-decyduje.firebasestorage.app\"}","GCLOUD_PROJECT":"powiat-decyduje","EVENTARC_CLOUD_EVENT_SOURCE":"projects/powiat-decyduje/locations/REGION_TBD/services/createResidentPhoneVerificationCode","FUNCTION_TARGET":"createResidentPhoneVerificationCode","LOG_EXECUTION_ID":"true"},"ingressSettings":"ALLOW_ALL","serviceAccountEmail":"1029210239146-compute@developer.gserviceaccount.com","availableMemory":"256Mi","maxInstanceRequestConcurrency":80,"availableCpu":"1"},"state":"FAILED","labels":{"deployment-callable":"true","firebase-functions-hash":"8cebd0753ff9a33af0e40d4a119e3e84cbf3dc05"},"stateMessages":[{"severity":"ERROR","type":"CloudRunServiceNotFound","message":"Cloud Run service projects/powiat-decyduje/locations/us-central1/services/createresidentphoneverificationcode for the function was not found. The function will not work correctly. Please redeploy."}],"environment":"GEN_2","url":"https://us-central1-powiat-decyduje.cloudfunctions.net/createResidentPhoneVerificationCode","satisfiesPzi":true},"stages":[{"name":"BUILD","message":"Build in progress","state":"IN_PROGRESS","resource":"projects/1029210239146/locations/us-central1/builds/620b5bb6-5225-4f74-bb66-b0f593930f8c","resourceUri":"https://console.cloud.google.com/cloud-build/builds;region=us-central1/620b5bb6-5225-4f74-bb66-b0f593930f8c?project=1029210239146"},{"name":"SERVICE","state":"NOT_STARTED"}],"operationType":"UPDATE_FUNCTION","buildName":"projects/1029210239146/locations/us-central1/builds/620b5bb6-5225-4f74-bb66-b0f593930f8c"},"done":false}
[debug] [2026-05-17T16:21:52.288Z] [update-default-us-central1-createResidentPhoneVerificationCode] Retrying task index 0
[debug] [2026-05-17T16:21:52.290Z] Checked if tokens are valid: true, expires at: 1779038476719
[debug] [2026-05-17T16:21:52.290Z] Checked if tokens are valid: true, expires at: 1779038476719
[debug] [2026-05-17T16:21:52.291Z] >>> [apiv2][query] GET https://cloudfunctions.googleapis.com/v2/projects/powiat-decyduje/locations/us-central1/operations/operation-1779034892585-65205d6d0c8b1-d0a14e43-7b6cd928 [none]
[debug] [2026-05-17T16:21:53.071Z] <<< [apiv2][status] GET https://cloudfunctions.googleapis.com/v2/projects/powiat-decyduje/locations/us-central1/operations/operation-1779034892585-65205d6d0c8b1-d0a14e43-7b6cd928 200
[debug] [2026-05-17T16:21:53.071Z] <<< [apiv2][body] GET https://cloudfunctions.googleapis.com/v2/projects/powiat-decyduje/locations/us-central1/operations/operation-1779034892585-65205d6d0c8b1-d0a14e43-7b6cd928 {"name":"projects/powiat-decyduje/locations/us-central1/operations/operation-1779034892585-65205d6d0c8b1-d0a14e43-7b6cd928","metadata":{"@type":"type.googleapis.com/google.cloud.functions.v2.OperationMetadata","createTime":"2026-05-17T16:21:33.389988728Z","target":"projects/powiat-decyduje/locations/us-central1/functions/createResidentPhoneVerificationCode","verb":"update","cancelRequested":false,"apiVersion":"v2","requestResource":{"@type":"type.googleapis.com/google.cloud.functions.v2.Function","name":"projects/powiat-decyduje/locations/us-central1/functions/createResidentPhoneVerificationCode","buildConfig":{"runtime":"nodejs20","entryPoint":"createResidentPhoneVerificationCode","source":{"storageSource":{"bucket":"gcf-v2-sources-1029210239146-us-central1","object":"createResidentPhoneVerificationCode/function-source.zip","generation":"1779034893336228"}},"environmentVariables":{"GOOGLE_NODE_RUN_SCRIPTS":""},"dockerRepository":"projects/powiat-decyduje/locations/us-central1/repositories/gcf-artifacts","sourceProvenance":{"resolvedStorageSource":{"bucket":"gcf-v2-sources-1029210239146-us-central1","object":"createResidentPhoneVerificationCode/function-source.zip","generation":"1778961594822692"}},"dockerRegistry":"ARTIFACT_REGISTRY","serviceAccount":"projects/powiat-decyduje/serviceAccounts/1029210239146-compute@developer.gserviceaccount.com","automaticUpdatePolicy":{}},"serviceConfig":{"service":"projects/powiat-decyduje/locations/us-central1/services/createresidentphoneverificationcode","timeoutSeconds":60,"environmentVariables":{"FIREBASE_CONFIG":"{\"projectId\":\"powiat-decyduje\",\"storageBucket\":\"powiat-decyduje.firebasestorage.app\"}","GCLOUD_PROJECT":"powiat-decyduje","EVENTARC_CLOUD_EVENT_SOURCE":"projects/powiat-decyduje/locations/REGION_TBD/services/createResidentPhoneVerificationCode","FUNCTION_TARGET":"createResidentPhoneVerificationCode","LOG_EXECUTION_ID":"true"},"ingressSettings":"ALLOW_ALL","serviceAccountEmail":"1029210239146-compute@developer.gserviceaccount.com","availableMemory":"256Mi","maxInstanceRequestConcurrency":80,"availableCpu":"1"},"state":"FAILED","labels":{"deployment-callable":"true","firebase-functions-hash":"8cebd0753ff9a33af0e40d4a119e3e84cbf3dc05"},"stateMessages":[{"severity":"ERROR","type":"CloudRunServiceNotFound","message":"Cloud Run service projects/powiat-decyduje/locations/us-central1/services/createresidentphoneverificationcode for the function was not found. The function will not work correctly. Please redeploy."}],"environment":"GEN_2","url":"https://us-central1-powiat-decyduje.cloudfunctions.net/createResidentPhoneVerificationCode","satisfiesPzi":true},"stages":[{"name":"BUILD","message":"Build in progress","state":"IN_PROGRESS","resource":"projects/1029210239146/locations/us-central1/builds/620b5bb6-5225-4f74-bb66-b0f593930f8c","resourceUri":"https://console.cloud.google.com/cloud-build/builds;region=us-central1/620b5bb6-5225-4f74-bb66-b0f593930f8c?project=1029210239146"},{"name":"SERVICE","state":"NOT_STARTED"}],"operationType":"UPDATE_FUNCTION","buildName":"projects/1029210239146/locations/us-central1/builds/620b5bb6-5225-4f74-bb66-b0f593930f8c"},"done":false}
[debug] [2026-05-17T16:22:03.073Z] [update-default-us-central1-createResidentPhoneVerificationCode] Retrying task index 0
[debug] [2026-05-17T16:22:03.074Z] Checked if tokens are valid: true, expires at: 1779038476719
[debug] [2026-05-17T16:22:03.074Z] Checked if tokens are valid: true, expires at: 1779038476719
[debug] [2026-05-17T16:22:03.074Z] >>> [apiv2][query] GET https://cloudfunctions.googleapis.com/v2/projects/powiat-decyduje/locations/us-central1/operations/operation-1779034892585-65205d6d0c8b1-d0a14e43-7b6cd928 [none]
[debug] [2026-05-17T16:22:03.878Z] <<< [apiv2][status] GET https://cloudfunctions.googleapis.com/v2/projects/powiat-decyduje/locations/us-central1/operations/operation-1779034892585-65205d6d0c8b1-d0a14e43-7b6cd928 200
[debug] [2026-05-17T16:22:03.878Z] <<< [apiv2][body] GET https://cloudfunctions.googleapis.com/v2/projects/powiat-decyduje/locations/us-central1/operations/operation-1779034892585-65205d6d0c8b1-d0a14e43-7b6cd928 {"name":"projects/powiat-decyduje/locations/us-central1/operations/operation-1779034892585-65205d6d0c8b1-d0a14e43-7b6cd928","metadata":{"@type":"type.googleapis.com/google.cloud.functions.v2.OperationMetadata","createTime":"2026-05-17T16:21:33.389988728Z","target":"projects/powiat-decyduje/locations/us-central1/functions/createResidentPhoneVerificationCode","verb":"update","cancelRequested":false,"apiVersion":"v2","requestResource":{"@type":"type.googleapis.com/google.cloud.functions.v2.Function","name":"projects/powiat-decyduje/locations/us-central1/functions/createResidentPhoneVerificationCode","buildConfig":{"runtime":"nodejs20","entryPoint":"createResidentPhoneVerificationCode","source":{"storageSource":{"bucket":"gcf-v2-sources-1029210239146-us-central1","object":"createResidentPhoneVerificationCode/function-source.zip","generation":"1779034893336228"}},"environmentVariables":{"GOOGLE_NODE_RUN_SCRIPTS":""},"dockerRepository":"projects/powiat-decyduje/locations/us-central1/repositories/gcf-artifacts","sourceProvenance":{"resolvedStorageSource":{"bucket":"gcf-v2-sources-1029210239146-us-central1","object":"createResidentPhoneVerificationCode/function-source.zip","generation":"1778961594822692"}},"dockerRegistry":"ARTIFACT_REGISTRY","serviceAccount":"projects/powiat-decyduje/serviceAccounts/1029210239146-compute@developer.gserviceaccount.com","automaticUpdatePolicy":{}},"serviceConfig":{"service":"projects/powiat-decyduje/locations/us-central1/services/createresidentphoneverificationcode","timeoutSeconds":60,"environmentVariables":{"FIREBASE_CONFIG":"{\"projectId\":\"powiat-decyduje\",\"storageBucket\":\"powiat-decyduje.firebasestorage.app\"}","GCLOUD_PROJECT":"powiat-decyduje","EVENTARC_CLOUD_EVENT_SOURCE":"projects/powiat-decyduje/locations/REGION_TBD/services/createResidentPhoneVerificationCode","FUNCTION_TARGET":"createResidentPhoneVerificationCode","LOG_EXECUTION_ID":"true"},"ingressSettings":"ALLOW_ALL","serviceAccountEmail":"1029210239146-compute@developer.gserviceaccount.com","availableMemory":"256Mi","maxInstanceRequestConcurrency":80,"availableCpu":"1"},"state":"FAILED","labels":{"deployment-callable":"true","firebase-functions-hash":"8cebd0753ff9a33af0e40d4a119e3e84cbf3dc05"},"stateMessages":[{"severity":"ERROR","type":"CloudRunServiceNotFound","message":"Cloud Run service projects/powiat-decyduje/locations/us-central1/services/createresidentphoneverificationcode for the function was not found. The function will not work correctly. Please redeploy."}],"environment":"GEN_2","url":"https://us-central1-powiat-decyduje.cloudfunctions.net/createResidentPhoneVerificationCode","satisfiesPzi":true},"stages":[{"name":"BUILD","message":"Build in progress","state":"IN_PROGRESS","resource":"projects/1029210239146/locations/us-central1/builds/620b5bb6-5225-4f74-bb66-b0f593930f8c","resourceUri":"https://console.cloud.google.com/cloud-build/builds;region=us-central1/620b5bb6-5225-4f74-bb66-b0f593930f8c?project=1029210239146"},{"name":"SERVICE","state":"NOT_STARTED"}],"operationType":"UPDATE_FUNCTION","buildName":"projects/1029210239146/locations/us-central1/builds/620b5bb6-5225-4f74-bb66-b0f593930f8c"},"done":false}
[debug] [2026-05-17T16:22:13.881Z] [update-default-us-central1-createResidentPhoneVerificationCode] Retrying task index 0
[debug] [2026-05-17T16:22:13.882Z] Checked if tokens are valid: true, expires at: 1779038476719
[debug] [2026-05-17T16:22:13.883Z] Checked if tokens are valid: true, expires at: 1779038476719
[debug] [2026-05-17T16:22:13.883Z] >>> [apiv2][query] GET https://cloudfunctions.googleapis.com/v2/projects/powiat-decyduje/locations/us-central1/operations/operation-1779034892585-65205d6d0c8b1-d0a14e43-7b6cd928 [none]
[debug] [2026-05-17T16:22:14.734Z] <<< [apiv2][status] GET https://cloudfunctions.googleapis.com/v2/projects/powiat-decyduje/locations/us-central1/operations/operation-1779034892585-65205d6d0c8b1-d0a14e43-7b6cd928 200
[debug] [2026-05-17T16:22:14.734Z] <<< [apiv2][body] GET https://cloudfunctions.googleapis.com/v2/projects/powiat-decyduje/locations/us-central1/operations/operation-1779034892585-65205d6d0c8b1-d0a14e43-7b6cd928 {"name":"projects/powiat-decyduje/locations/us-central1/operations/operation-1779034892585-65205d6d0c8b1-d0a14e43-7b6cd928","metadata":{"@type":"type.googleapis.com/google.cloud.functions.v2.OperationMetadata","createTime":"2026-05-17T16:21:33.389988728Z","target":"projects/powiat-decyduje/locations/us-central1/functions/createResidentPhoneVerificationCode","verb":"update","cancelRequested":false,"apiVersion":"v2","requestResource":{"@type":"type.googleapis.com/google.cloud.functions.v2.Function","name":"projects/powiat-decyduje/locations/us-central1/functions/createResidentPhoneVerificationCode","buildConfig":{"runtime":"nodejs20","entryPoint":"createResidentPhoneVerificationCode","source":{"storageSource":{"bucket":"gcf-v2-sources-1029210239146-us-central1","object":"createResidentPhoneVerificationCode/function-source.zip","generation":"1779034893336228"}},"environmentVariables":{"GOOGLE_NODE_RUN_SCRIPTS":""},"dockerRepository":"projects/powiat-decyduje/locations/us-central1/repositories/gcf-artifacts","sourceProvenance":{"resolvedStorageSource":{"bucket":"gcf-v2-sources-1029210239146-us-central1","object":"createResidentPhoneVerificationCode/function-source.zip","generation":"1778961594822692"}},"dockerRegistry":"ARTIFACT_REGISTRY","serviceAccount":"projects/powiat-decyduje/serviceAccounts/1029210239146-compute@developer.gserviceaccount.com","automaticUpdatePolicy":{}},"serviceConfig":{"service":"projects/powiat-decyduje/locations/us-central1/services/createresidentphoneverificationcode","timeoutSeconds":60,"environmentVariables":{"FIREBASE_CONFIG":"{\"projectId\":\"powiat-decyduje\",\"storageBucket\":\"powiat-decyduje.firebasestorage.app\"}","GCLOUD_PROJECT":"powiat-decyduje","EVENTARC_CLOUD_EVENT_SOURCE":"projects/powiat-decyduje/locations/REGION_TBD/services/createResidentPhoneVerificationCode","FUNCTION_TARGET":"createResidentPhoneVerificationCode","LOG_EXECUTION_ID":"true"},"ingressSettings":"ALLOW_ALL","serviceAccountEmail":"1029210239146-compute@developer.gserviceaccount.com","availableMemory":"256Mi","maxInstanceRequestConcurrency":80,"availableCpu":"1"},"state":"FAILED","labels":{"deployment-callable":"true","firebase-functions-hash":"8cebd0753ff9a33af0e40d4a119e3e84cbf3dc05"},"stateMessages":[{"severity":"ERROR","type":"CloudRunServiceNotFound","message":"Cloud Run service projects/powiat-decyduje/locations/us-central1/services/createresidentphoneverificationcode for the function was not found. The function will not work correctly. Please redeploy."}],"environment":"GEN_2","url":"https://us-central1-powiat-decyduje.cloudfunctions.net/createResidentPhoneVerificationCode","satisfiesPzi":true},"stages":[{"name":"BUILD","message":"Build in progress","state":"IN_PROGRESS","resource":"projects/1029210239146/locations/us-central1/builds/620b5bb6-5225-4f74-bb66-b0f593930f8c","resourceUri":"https://console.cloud.google.com/cloud-build/builds;region=us-central1/620b5bb6-5225-4f74-bb66-b0f593930f8c?project=1029210239146"},{"name":"SERVICE","state":"NOT_STARTED"}],"operationType":"UPDATE_FUNCTION","buildName":"projects/1029210239146/locations/us-central1/builds/620b5bb6-5225-4f74-bb66-b0f593930f8c"},"done":false}
[debug] [2026-05-17T16:22:24.736Z] [update-default-us-central1-createResidentPhoneVerificationCode] Retrying task index 0
[debug] [2026-05-17T16:22:24.737Z] Checked if tokens are valid: true, expires at: 1779038476719
[debug] [2026-05-17T16:22:24.738Z] Checked if tokens are valid: true, expires at: 1779038476719
[debug] [2026-05-17T16:22:24.738Z] >>> [apiv2][query] GET https://cloudfunctions.googleapis.com/v2/projects/powiat-decyduje/locations/us-central1/operations/operation-1779034892585-65205d6d0c8b1-d0a14e43-7b6cd928 [none]
[debug] [2026-05-17T16:22:25.587Z] <<< [apiv2][status] GET https://cloudfunctions.googleapis.com/v2/projects/powiat-decyduje/locations/us-central1/operations/operation-1779034892585-65205d6d0c8b1-d0a14e43-7b6cd928 200
[debug] [2026-05-17T16:22:25.588Z] <<< [apiv2][body] GET https://cloudfunctions.googleapis.com/v2/projects/powiat-decyduje/locations/us-central1/operations/operation-1779034892585-65205d6d0c8b1-d0a14e43-7b6cd928 {"name":"projects/powiat-decyduje/locations/us-central1/operations/operation-1779034892585-65205d6d0c8b1-d0a14e43-7b6cd928","metadata":{"@type":"type.googleapis.com/google.cloud.functions.v2.OperationMetadata","createTime":"2026-05-17T16:21:33.389988728Z","target":"projects/powiat-decyduje/locations/us-central1/functions/createResidentPhoneVerificationCode","verb":"update","cancelRequested":false,"apiVersion":"v2","requestResource":{"@type":"type.googleapis.com/google.cloud.functions.v2.Function","name":"projects/powiat-decyduje/locations/us-central1/functions/createResidentPhoneVerificationCode","buildConfig":{"runtime":"nodejs20","entryPoint":"createResidentPhoneVerificationCode","source":{"storageSource":{"bucket":"gcf-v2-sources-1029210239146-us-central1","object":"createResidentPhoneVerificationCode/function-source.zip","generation":"1779034893336228"}},"environmentVariables":{"GOOGLE_NODE_RUN_SCRIPTS":""},"dockerRepository":"projects/powiat-decyduje/locations/us-central1/repositories/gcf-artifacts","sourceProvenance":{"resolvedStorageSource":{"bucket":"gcf-v2-sources-1029210239146-us-central1","object":"createResidentPhoneVerificationCode/function-source.zip","generation":"1778961594822692"}},"dockerRegistry":"ARTIFACT_REGISTRY","serviceAccount":"projects/powiat-decyduje/serviceAccounts/1029210239146-compute@developer.gserviceaccount.com","automaticUpdatePolicy":{}},"serviceConfig":{"service":"projects/powiat-decyduje/locations/us-central1/services/createresidentphoneverificationcode","timeoutSeconds":60,"environmentVariables":{"FIREBASE_CONFIG":"{\"projectId\":\"powiat-decyduje\",\"storageBucket\":\"powiat-decyduje.firebasestorage.app\"}","GCLOUD_PROJECT":"powiat-decyduje","EVENTARC_CLOUD_EVENT_SOURCE":"projects/powiat-decyduje/locations/REGION_TBD/services/createResidentPhoneVerificationCode","FUNCTION_TARGET":"createResidentPhoneVerificationCode","LOG_EXECUTION_ID":"true"},"ingressSettings":"ALLOW_ALL","serviceAccountEmail":"1029210239146-compute@developer.gserviceaccount.com","availableMemory":"256Mi","maxInstanceRequestConcurrency":80,"availableCpu":"1"},"state":"FAILED","labels":{"deployment-callable":"true","firebase-functions-hash":"8cebd0753ff9a33af0e40d4a119e3e84cbf3dc05"},"stateMessages":[{"severity":"ERROR","type":"CloudRunServiceNotFound","message":"Cloud Run service projects/powiat-decyduje/locations/us-central1/services/createresidentphoneverificationcode for the function was not found. The function will not work correctly. Please redeploy."}],"environment":"GEN_2","url":"https://us-central1-powiat-decyduje.cloudfunctions.net/createResidentPhoneVerificationCode","satisfiesPzi":true},"stages":[{"name":"BUILD","message":"Build finished","state":"COMPLETE","resource":"projects/1029210239146/locations/us-central1/builds/620b5bb6-5225-4f74-bb66-b0f593930f8c","resourceUri":"https://console.cloud.google.com/cloud-build/builds;region=us-central1/620b5bb6-5225-4f74-bb66-b0f593930f8c?project=1029210239146"},{"name":"SERVICE","message":"Updating Cloud Run service","state":"IN_PROGRESS","resource":"projects/powiat-decyduje/locations/us-central1/services/createresidentphoneverificationcode","resourceUri":"https://console.cloud.google.com/run/detail/us-central1/createresidentphoneverificationcode?project=powiat-decyduje","stateMessages":[{"severity":"WARNING","type":"CloudRunServiceRecreated","message":"Cloud Run service projects/powiat-decyduje/locations/us-central1/services/createresidentphoneverificationcode for the function was not found. The service was redeployed with default values."}]}],"sourceToken":"Clhwcm9qZWN0cy8xMDI5MjEwMjM5MTQ2L2xvY2F0aW9ucy91cy1jZW50cmFsMS9idWlsZHMvNjIwYjViYjYtNTIyNS00Zjc0LWJiNjYtYjBmNTkzOTMwZjhjEooBdXMtY2VudHJhbDEtZG9ja2VyLnBrZy5kZXYvcG93aWF0LWRlY3lkdWplL2djZi1hcnRpZmFjdHMvcG93aWF0LS1kZWN5ZHVqZV9fdXMtLWNlbnRyYWwxX19jcmVhdGVfcmVzaWRlbnRfcGhvbmVfdmVyaWZpY2F0aW9uX2NvZGU6dmVyc2lvbl8xGKrh1436HSJccHJvamVjdHMvcG93aWF0LWRlY3lkdWplL2xvY2F0aW9ucy91cy1jZW50cmFsMS9mdW5jdGlvbnMvY3JlYXRlUmVzaWRlbnRQaG9uZVZlcmlmaWNhdGlvbkNvZGUqDAi41qfQBhDI8fHTATIIbm9kZWpzMjA6dgojZ2NyLmlvL2dhZS1ydW50aW1lcy9ub2RlanMyMDpzdGFibGUST3VzLWNlbnRyYWwxLWRvY2tlci5wa2cuZGV2L3NlcnZlcmxlc3MtcnVudGltZXMvZ29vZ2xlLTIyLWZ1bGwvcnVudGltZXMvbm9kZWpzMjBAAQ==","operationType":"UPDATE_FUNCTION","buildName":"projects/1029210239146/locations/us-central1/builds/620b5bb6-5225-4f74-bb66-b0f593930f8c"},"done":false}
[debug] [2026-05-17T16:22:25.588Z] Got source token Clhwcm9qZWN0cy8xMDI5MjEwMjM5MTQ2L2xvY2F0aW9ucy91cy1jZW50cmFsMS9idWlsZHMvNjIwYjViYjYtNTIyNS00Zjc0LWJiNjYtYjBmNTkzOTMwZjhjEooBdXMtY2VudHJhbDEtZG9ja2VyLnBrZy5kZXYvcG93aWF0LWRlY3lkdWplL2djZi1hcnRpZmFjdHMvcG93aWF0LS1kZWN5ZHVqZV9fdXMtLWNlbnRyYWwxX19jcmVhdGVfcmVzaWRlbnRfcGhvbmVfdmVyaWZpY2F0aW9uX2NvZGU6dmVyc2lvbl8xGKrh1436HSJccHJvamVjdHMvcG93aWF0LWRlY3lkdWplL2xvY2F0aW9ucy91cy1jZW50cmFsMS9mdW5jdGlvbnMvY3JlYXRlUmVzaWRlbnRQaG9uZVZlcmlmaWNhdGlvbkNvZGUqDAi41qfQBhDI8fHTATIIbm9kZWpzMjA6dgojZ2NyLmlvL2dhZS1ydW50aW1lcy9ub2RlanMyMDpzdGFibGUST3VzLWNlbnRyYWwxLWRvY2tlci5wa2cuZGV2L3NlcnZlcmxlc3MtcnVudGltZXMvZ29vZ2xlLTIyLWZ1bGwvcnVudGltZXMvbm9kZWpzMjBAAQ== for region us-central1
[debug] [2026-05-17T16:22:35.590Z] [update-default-us-central1-createResidentPhoneVerificationCode] Retrying task index 0
[debug] [2026-05-17T16:22:35.595Z] Checked if tokens are valid: true, expires at: 1779038476719
[debug] [2026-05-17T16:22:35.595Z] Checked if tokens are valid: true, expires at: 1779038476719
[debug] [2026-05-17T16:22:35.595Z] >>> [apiv2][query] GET https://cloudfunctions.googleapis.com/v2/projects/powiat-decyduje/locations/us-central1/operations/operation-1779034892585-65205d6d0c8b1-d0a14e43-7b6cd928 [none]
[debug] [2026-05-17T16:22:36.443Z] <<< [apiv2][status] GET https://cloudfunctions.googleapis.com/v2/projects/powiat-decyduje/locations/us-central1/operations/operation-1779034892585-65205d6d0c8b1-d0a14e43-7b6cd928 200
[debug] [2026-05-17T16:22:36.443Z] <<< [apiv2][body] GET https://cloudfunctions.googleapis.com/v2/projects/powiat-decyduje/locations/us-central1/operations/operation-1779034892585-65205d6d0c8b1-d0a14e43-7b6cd928 {"name":"projects/powiat-decyduje/locations/us-central1/operations/operation-1779034892585-65205d6d0c8b1-d0a14e43-7b6cd928","metadata":{"@type":"type.googleapis.com/google.cloud.functions.v2.OperationMetadata","createTime":"2026-05-17T16:21:33.389988728Z","target":"projects/powiat-decyduje/locations/us-central1/functions/createResidentPhoneVerificationCode","verb":"update","cancelRequested":false,"apiVersion":"v2","requestResource":{"@type":"type.googleapis.com/google.cloud.functions.v2.Function","name":"projects/powiat-decyduje/locations/us-central1/functions/createResidentPhoneVerificationCode","buildConfig":{"runtime":"nodejs20","entryPoint":"createResidentPhoneVerificationCode","source":{"storageSource":{"bucket":"gcf-v2-sources-1029210239146-us-central1","object":"createResidentPhoneVerificationCode/function-source.zip","generation":"1779034893336228"}},"environmentVariables":{"GOOGLE_NODE_RUN_SCRIPTS":""},"dockerRepository":"projects/powiat-decyduje/locations/us-central1/repositories/gcf-artifacts","sourceProvenance":{"resolvedStorageSource":{"bucket":"gcf-v2-sources-1029210239146-us-central1","object":"createResidentPhoneVerificationCode/function-source.zip","generation":"1778961594822692"}},"dockerRegistry":"ARTIFACT_REGISTRY","serviceAccount":"projects/powiat-decyduje/serviceAccounts/1029210239146-compute@developer.gserviceaccount.com","automaticUpdatePolicy":{}},"serviceConfig":{"service":"projects/powiat-decyduje/locations/us-central1/services/createresidentphoneverificationcode","timeoutSeconds":60,"environmentVariables":{"FIREBASE_CONFIG":"{\"projectId\":\"powiat-decyduje\",\"storageBucket\":\"powiat-decyduje.firebasestorage.app\"}","GCLOUD_PROJECT":"powiat-decyduje","EVENTARC_CLOUD_EVENT_SOURCE":"projects/powiat-decyduje/locations/REGION_TBD/services/createResidentPhoneVerificationCode","FUNCTION_TARGET":"createResidentPhoneVerificationCode","LOG_EXECUTION_ID":"true"},"ingressSettings":"ALLOW_ALL","serviceAccountEmail":"1029210239146-compute@developer.gserviceaccount.com","availableMemory":"256Mi","maxInstanceRequestConcurrency":80,"availableCpu":"1"},"state":"FAILED","labels":{"deployment-callable":"true","firebase-functions-hash":"8cebd0753ff9a33af0e40d4a119e3e84cbf3dc05"},"stateMessages":[{"severity":"ERROR","type":"CloudRunServiceNotFound","message":"Cloud Run service projects/powiat-decyduje/locations/us-central1/services/createresidentphoneverificationcode for the function was not found. The function will not work correctly. Please redeploy."}],"environment":"GEN_2","url":"https://us-central1-powiat-decyduje.cloudfunctions.net/createResidentPhoneVerificationCode","satisfiesPzi":true},"stages":[{"name":"BUILD","message":"Build finished","state":"COMPLETE","resource":"projects/1029210239146/locations/us-central1/builds/620b5bb6-5225-4f74-bb66-b0f593930f8c","resourceUri":"https://console.cloud.google.com/cloud-build/builds;region=us-central1/620b5bb6-5225-4f74-bb66-b0f593930f8c?project=1029210239146"},{"name":"SERVICE","message":"Updating Cloud Run service","state":"IN_PROGRESS","resource":"projects/powiat-decyduje/locations/us-central1/services/createresidentphoneverificationcode","resourceUri":"https://console.cloud.google.com/run/detail/us-central1/createresidentphoneverificationcode?project=powiat-decyduje","stateMessages":[{"severity":"WARNING","type":"CloudRunServiceRecreated","message":"Cloud Run service projects/powiat-decyduje/locations/us-central1/services/createresidentphoneverificationcode for the function was not found. The service was redeployed with default values."}]}],"sourceToken":"Clhwcm9qZWN0cy8xMDI5MjEwMjM5MTQ2L2xvY2F0aW9ucy91cy1jZW50cmFsMS9idWlsZHMvNjIwYjViYjYtNTIyNS00Zjc0LWJiNjYtYjBmNTkzOTMwZjhjEooBdXMtY2VudHJhbDEtZG9ja2VyLnBrZy5kZXYvcG93aWF0LWRlY3lkdWplL2djZi1hcnRpZmFjdHMvcG93aWF0LS1kZWN5ZHVqZV9fdXMtLWNlbnRyYWwxX19jcmVhdGVfcmVzaWRlbnRfcGhvbmVfdmVyaWZpY2F0aW9uX2NvZGU6dmVyc2lvbl8xGKrh1436HSJccHJvamVjdHMvcG93aWF0LWRlY3lkdWplL2xvY2F0aW9ucy91cy1jZW50cmFsMS9mdW5jdGlvbnMvY3JlYXRlUmVzaWRlbnRQaG9uZVZlcmlmaWNhdGlvbkNvZGUqDAi41qfQBhDI8fHTATIIbm9kZWpzMjA6dgojZ2NyLmlvL2dhZS1ydW50aW1lcy9ub2RlanMyMDpzdGFibGUST3VzLWNlbnRyYWwxLWRvY2tlci5wa2cuZGV2L3NlcnZlcmxlc3MtcnVudGltZXMvZ29vZ2xlLTIyLWZ1bGwvcnVudGltZXMvbm9kZWpzMjBAAQ==","operationType":"UPDATE_FUNCTION","buildName":"projects/1029210239146/locations/us-central1/builds/620b5bb6-5225-4f74-bb66-b0f593930f8c"},"done":false}
[debug] [2026-05-17T16:22:36.444Z] Got source token Clhwcm9qZWN0cy8xMDI5MjEwMjM5MTQ2L2xvY2F0aW9ucy91cy1jZW50cmFsMS9idWlsZHMvNjIwYjViYjYtNTIyNS00Zjc0LWJiNjYtYjBmNTkzOTMwZjhjEooBdXMtY2VudHJhbDEtZG9ja2VyLnBrZy5kZXYvcG93aWF0LWRlY3lkdWplL2djZi1hcnRpZmFjdHMvcG93aWF0LS1kZWN5ZHVqZV9fdXMtLWNlbnRyYWwxX19jcmVhdGVfcmVzaWRlbnRfcGhvbmVfdmVyaWZpY2F0aW9uX2NvZGU6dmVyc2lvbl8xGKrh1436HSJccHJvamVjdHMvcG93aWF0LWRlY3lkdWplL2xvY2F0aW9ucy91cy1jZW50cmFsMS9mdW5jdGlvbnMvY3JlYXRlUmVzaWRlbnRQaG9uZVZlcmlmaWNhdGlvbkNvZGUqDAi41qfQBhDI8fHTATIIbm9kZWpzMjA6dgojZ2NyLmlvL2dhZS1ydW50aW1lcy9ub2RlanMyMDpzdGFibGUST3VzLWNlbnRyYWwxLWRvY2tlci5wa2cuZGV2L3NlcnZlcmxlc3MtcnVudGltZXMvZ29vZ2xlLTIyLWZ1bGwvcnVudGltZXMvbm9kZWpzMjBAAQ== for region us-central1
[debug] [2026-05-17T16:22:46.445Z] [update-default-us-central1-createResidentPhoneVerificationCode] Retrying task index 0
[debug] [2026-05-17T16:22:46.446Z] Checked if tokens are valid: true, expires at: 1779038476719
[debug] [2026-05-17T16:22:46.446Z] Checked if tokens are valid: true, expires at: 1779038476719
[debug] [2026-05-17T16:22:46.446Z] >>> [apiv2][query] GET https://cloudfunctions.googleapis.com/v2/projects/powiat-decyduje/locations/us-central1/operations/operation-1779034892585-65205d6d0c8b1-d0a14e43-7b6cd928 [none]
[debug] [2026-05-17T16:22:47.298Z] <<< [apiv2][status] GET https://cloudfunctions.googleapis.com/v2/projects/powiat-decyduje/locations/us-central1/operations/operation-1779034892585-65205d6d0c8b1-d0a14e43-7b6cd928 200
[debug] [2026-05-17T16:22:47.298Z] <<< [apiv2][body] GET https://cloudfunctions.googleapis.com/v2/projects/powiat-decyduje/locations/us-central1/operations/operation-1779034892585-65205d6d0c8b1-d0a14e43-7b6cd928 {"name":"projects/powiat-decyduje/locations/us-central1/operations/operation-1779034892585-65205d6d0c8b1-d0a14e43-7b6cd928","metadata":{"@type":"type.googleapis.com/google.cloud.functions.v2.OperationMetadata","createTime":"2026-05-17T16:21:33.389988728Z","endTime":"2026-05-17T16:22:39.006663758Z","target":"projects/powiat-decyduje/locations/us-central1/functions/createResidentPhoneVerificationCode","verb":"update","cancelRequested":false,"apiVersion":"v2","requestResource":{"@type":"type.googleapis.com/google.cloud.functions.v2.Function","name":"projects/powiat-decyduje/locations/us-central1/functions/createResidentPhoneVerificationCode","buildConfig":{"runtime":"nodejs20","entryPoint":"createResidentPhoneVerificationCode","source":{"storageSource":{"bucket":"gcf-v2-sources-1029210239146-us-central1","object":"createResidentPhoneVerificationCode/function-source.zip","generation":"1779034893336228"}},"environmentVariables":{"GOOGLE_NODE_RUN_SCRIPTS":""},"dockerRepository":"projects/powiat-decyduje/locations/us-central1/repositories/gcf-artifacts","sourceProvenance":{"resolvedStorageSource":{"bucket":"gcf-v2-sources-1029210239146-us-central1","object":"createResidentPhoneVerificationCode/function-source.zip","generation":"1778961594822692"}},"dockerRegistry":"ARTIFACT_REGISTRY","serviceAccount":"projects/powiat-decyduje/serviceAccounts/1029210239146-compute@developer.gserviceaccount.com","automaticUpdatePolicy":{}},"serviceConfig":{"service":"projects/powiat-decyduje/locations/us-central1/services/createresidentphoneverificationcode","timeoutSeconds":60,"environmentVariables":{"FIREBASE_CONFIG":"{\"projectId\":\"powiat-decyduje\",\"storageBucket\":\"powiat-decyduje.firebasestorage.app\"}","GCLOUD_PROJECT":"powiat-decyduje","EVENTARC_CLOUD_EVENT_SOURCE":"projects/powiat-decyduje/locations/REGION_TBD/services/createResidentPhoneVerificationCode","FUNCTION_TARGET":"createResidentPhoneVerificationCode","LOG_EXECUTION_ID":"true"},"ingressSettings":"ALLOW_ALL","serviceAccountEmail":"1029210239146-compute@developer.gserviceaccount.com","availableMemory":"256Mi","maxInstanceRequestConcurrency":80,"availableCpu":"1"},"state":"FAILED","labels":{"deployment-callable":"true","firebase-functions-hash":"8cebd0753ff9a33af0e40d4a119e3e84cbf3dc05"},"stateMessages":[{"severity":"ERROR","type":"CloudRunServiceNotFound","message":"Cloud Run service projects/powiat-decyduje/locations/us-central1/services/createresidentphoneverificationcode for the function was not found. The function will not work correctly. Please redeploy."}],"environment":"GEN_2","url":"https://us-central1-powiat-decyduje.cloudfunctions.net/createResidentPhoneVerificationCode","satisfiesPzi":true},"stages":[{"name":"BUILD","message":"Build finished","state":"COMPLETE","resource":"projects/1029210239146/locations/us-central1/builds/620b5bb6-5225-4f74-bb66-b0f593930f8c","resourceUri":"https://console.cloud.google.com/cloud-build/builds;region=us-central1/620b5bb6-5225-4f74-bb66-b0f593930f8c?project=1029210239146"},{"name":"SERVICE","message":"Updating Cloud Run service","state":"COMPLETE","resource":"projects/powiat-decyduje/locations/us-central1/services/createresidentphoneverificationcode","resourceUri":"https://console.cloud.google.com/run/detail/us-central1/createresidentphoneverificationcode?project=powiat-decyduje","stateMessages":[{"severity":"WARNING","type":"CloudRunServiceRecreated","message":"Cloud Run service projects/powiat-decyduje/locations/us-central1/services/createresidentphoneverificationcode for the function was not found. The service was redeployed with default values."}]}],"sourceToken":"Clhwcm9qZWN0cy8xMDI5MjEwMjM5MTQ2L2xvY2F0aW9ucy91cy1jZW50cmFsMS9idWlsZHMvNjIwYjViYjYtNTIyNS00Zjc0LWJiNjYtYjBmNTkzOTMwZjhjEooBdXMtY2VudHJhbDEtZG9ja2VyLnBrZy5kZXYvcG93aWF0LWRlY3lkdWplL2djZi1hcnRpZmFjdHMvcG93aWF0LS1kZWN5ZHVqZV9fdXMtLWNlbnRyYWwxX19jcmVhdGVfcmVzaWRlbnRfcGhvbmVfdmVyaWZpY2F0aW9uX2NvZGU6dmVyc2lvbl8xGKrh1436HSJccHJvamVjdHMvcG93aWF0LWRlY3lkdWplL2xvY2F0aW9ucy91cy1jZW50cmFsMS9mdW5jdGlvbnMvY3JlYXRlUmVzaWRlbnRQaG9uZVZlcmlmaWNhdGlvbkNvZGUqDAi41qfQBhDI8fHTATIIbm9kZWpzMjA6dgojZ2NyLmlvL2dhZS1ydW50aW1lcy9ub2RlanMyMDpzdGFibGUST3VzLWNlbnRyYWwxLWRvY2tlci5wa2cuZGV2L3NlcnZlcmxlc3MtcnVudGltZXMvZ29vZ2xlLTIyLWZ1bGwvcnVudGltZXMvbm9kZWpzMjBAAQ==","operationType":"UPDATE_FUNCTION","buildName":"projects/1029210239146/locations/us-central1/builds/620b5bb6-5225-4f74-bb66-b0f593930f8c"},"done":true,"response":{"@type":"type.googleapis.com/google.cloud.functions.v2.Function","name":"projects/powiat-decyduje/locations/us-central1/functions/createResidentPhoneVerificationCode","buildConfig":{"build":"projects/1029210239146/locations/us-central1/builds/620b5bb6-5225-4f74-bb66-b0f593930f8c","runtime":"nodejs20","entryPoint":"createResidentPhoneVerificationCode","source":{"storageSource":{"bucket":"gcf-v2-sources-1029210239146-us-central1","object":"createResidentPhoneVerificationCode/function-source.zip","generation":"1779034893336228"}},"environmentVariables":{"GOOGLE_NODE_RUN_SCRIPTS":""},"dockerRepository":"projects/powiat-decyduje/locations/us-central1/repositories/gcf-artifacts","sourceProvenance":{"resolvedStorageSource":{"bucket":"gcf-v2-sources-1029210239146-us-central1","object":"createResidentPhoneVerificationCode/function-source.zip","generation":"1779034893336228"}},"dockerRegistry":"ARTIFACT_REGISTRY","serviceAccount":"projects/powiat-decyduje/serviceAccounts/1029210239146-compute@developer.gserviceaccount.com","automaticUpdatePolicy":{}},"serviceConfig":{"service":"projects/powiat-decyduje/locations/us-central1/services/createresidentphoneverificationcode","timeoutSeconds":60,"environmentVariables":{"FIREBASE_CONFIG":"{\"projectId\":\"powiat-decyduje\",\"storageBucket\":\"powiat-decyduje.firebasestorage.app\"}","GCLOUD_PROJECT":"powiat-decyduje","EVENTARC_CLOUD_EVENT_SOURCE":"projects/powiat-decyduje/locations/REGION_TBD/services/createResidentPhoneVerificationCode","FUNCTION_TARGET":"createResidentPhoneVerificationCode","LOG_EXECUTION_ID":"true"},"ingressSettings":"ALLOW_ALL","uri":"https://createresidentphoneverificationcode-w5lz57ceaq-uc.a.run.app","serviceAccountEmail":"1029210239146-compute@developer.gserviceaccount.com","availableMemory":"256Mi","allTrafficOnLatestRevision":true,"revision":"createresidentphoneverificationcode-00001-vif","maxInstanceRequestConcurrency":80,"availableCpu":"1"},"state":"ACTIVE","updateTime":"2026-05-17T16:21:33.393877680Z","labels":{"deployment-callable":"true","firebase-functions-hash":"8cebd0753ff9a33af0e40d4a119e3e84cbf3dc05","deployment-tool":"cli-firebase"},"environment":"GEN_2","url":"https://us-central1-powiat-decyduje.cloudfunctions.net/createResidentPhoneVerificationCode","createTime":"2026-05-16T19:59:55.256482042Z","satisfiesPzi":true}}
[debug] [2026-05-17T16:22:47.300Z] Got source token Clhwcm9qZWN0cy8xMDI5MjEwMjM5MTQ2L2xvY2F0aW9ucy91cy1jZW50cmFsMS9idWlsZHMvNjIwYjViYjYtNTIyNS00Zjc0LWJiNjYtYjBmNTkzOTMwZjhjEooBdXMtY2VudHJhbDEtZG9ja2VyLnBrZy5kZXYvcG93aWF0LWRlY3lkdWplL2djZi1hcnRpZmFjdHMvcG93aWF0LS1kZWN5ZHVqZV9fdXMtLWNlbnRyYWwxX19jcmVhdGVfcmVzaWRlbnRfcGhvbmVfdmVyaWZpY2F0aW9uX2NvZGU6dmVyc2lvbl8xGKrh1436HSJccHJvamVjdHMvcG93aWF0LWRlY3lkdWplL2xvY2F0aW9ucy91cy1jZW50cmFsMS9mdW5jdGlvbnMvY3JlYXRlUmVzaWRlbnRQaG9uZVZlcmlmaWNhdGlvbkNvZGUqDAi41qfQBhDI8fHTATIIbm9kZWpzMjA6dgojZ2NyLmlvL2dhZS1ydW50aW1lcy9ub2RlanMyMDpzdGFibGUST3VzLWNlbnRyYWwxLWRvY2tlci5wa2cuZGV2L3NlcnZlcmxlc3MtcnVudGltZXMvZ29vZ2xlLTIyLWZ1bGwvcnVudGltZXMvbm9kZWpzMjBAAQ== for region us-central1
[info] ✔  functions[createResidentPhoneVerificationCode(us-central1)] Successful update operation. 
[debug] [2026-05-17T16:22:47.304Z] Total Function Deployment time: 75502
[debug] [2026-05-17T16:22:47.304Z] 1 Functions Deployed
[debug] [2026-05-17T16:22:47.304Z] 0 Functions Errored
[debug] [2026-05-17T16:22:47.304Z] 0 Function Deployments Aborted
[debug] [2026-05-17T16:22:47.304Z] Average Function Deployment time: 75502
[debug] [2026-05-17T16:22:47.490Z] Checked if tokens are valid: true, expires at: 1779038476719
[debug] [2026-05-17T16:22:47.490Z] Checked if tokens are valid: true, expires at: 1779038476719
[debug] [2026-05-17T16:22:47.490Z] >>> [apiv2][query] GET https://artifactregistry.googleapis.com/v1/projects/powiat-decyduje/locations/us-central1/repositories/gcf-artifacts [none]
[debug] [2026-05-17T16:22:48.287Z] <<< [apiv2][status] GET https://artifactregistry.googleapis.com/v1/projects/powiat-decyduje/locations/us-central1/repositories/gcf-artifacts 200
[debug] [2026-05-17T16:22:48.287Z] <<< [apiv2][body] GET https://artifactregistry.googleapis.com/v1/projects/powiat-decyduje/locations/us-central1/repositories/gcf-artifacts {"name":"projects/powiat-decyduje/locations/us-central1/repositories/gcf-artifacts","format":"DOCKER","description":"This repository is created and used by Cloud Functions for storing function docker images.","labels":{"goog-managed-by":"cloudfunctions"},"createTime":"2026-05-16T20:00:15.365742Z","updateTime":"2026-05-17T16:22:06.464612Z","mode":"STANDARD_REPOSITORY","cleanupPolicies":{"firebase-functions-cleanup":{"id":"firebase-functions-cleanup","action":"DELETE","condition":{"tagState":"ANY","olderThan":"86400s"}}},"sizeBytes":"90387584","vulnerabilityScanningConfig":{"lastEnableTime":"2026-05-16T20:00:06.877769137Z","enablementState":"SCANNING_DISABLED","enablementStateReason":"API containerscanning.googleapis.com is not enabled."},"satisfiesPzi":true,"registryUri":"us-central1-docker.pkg.dev/powiat-decyduje/gcf-artifacts"}
[info] 
[info] ✔  Deploy complete! 
[info] 
[info] Project Console: https://console.firebase.google.com/project/powiat-decyduje/overview
[debug] [2026-05-17T16:23:17.377Z] ----------------------------------------------------------------------
[debug] [2026-05-17T16:23:17.380Z] Command:       /Users/jeremiasz1911/.nvm/versions/node/v23.10.0/bin/node /Users/jeremiasz1911/Documents/custom/powiat-decyduje.worktrees/copilot-registration-error-fix-not-found/node_modules/.bin/firebase functions:list --project powiat-decyduje
[debug] [2026-05-17T16:23:17.380Z] CLI Version:   15.17.0
[debug] [2026-05-17T16:23:17.380Z] Platform:      darwin
[debug] [2026-05-17T16:23:17.380Z] Node Version:  v23.10.0
[debug] [2026-05-17T16:23:17.380Z] Time:          Sun May 17 2026 18:23:17 GMT+0200 (Central European Summer Time)
[debug] [2026-05-17T16:23:17.380Z] ----------------------------------------------------------------------
[debug] 
[debug] [2026-05-17T16:23:17.486Z] > command requires scopes: ["email","openid","https://www.googleapis.com/auth/cloudplatformprojects.readonly","https://www.googleapis.com/auth/firebase","https://www.googleapis.com/auth/cloud-platform"]
[debug] [2026-05-17T16:23:17.487Z] > authorizing via signed-in user (jeremiasz1911@gmail.com)
[debug] [2026-05-17T16:23:17.487Z] [iam] checking project powiat-decyduje for permissions ["cloudfunctions.functions.list","firebase.projects.get","run.services.list"]
[debug] [2026-05-17T16:23:17.488Z] Checked if tokens are valid: true, expires at: 1779038476719
[debug] [2026-05-17T16:23:17.488Z] Checked if tokens are valid: true, expires at: 1779038476719
[debug] [2026-05-17T16:23:17.488Z] >>> [apiv2][query] POST https://cloudresourcemanager.googleapis.com/v1/projects/powiat-decyduje:testIamPermissions [none]
[debug] [2026-05-17T16:23:17.488Z] >>> [apiv2][(partial)header] POST https://cloudresourcemanager.googleapis.com/v1/projects/powiat-decyduje:testIamPermissions  x-goog-user-project=powiat-decyduje
[debug] [2026-05-17T16:23:17.488Z] >>> [apiv2][body] POST https://cloudresourcemanager.googleapis.com/v1/projects/powiat-decyduje:testIamPermissions {"permissions":["cloudfunctions.functions.list","firebase.projects.get","run.services.list"]}
[debug] [2026-05-17T16:23:18.314Z] <<< [apiv2][status] POST https://cloudresourcemanager.googleapis.com/v1/projects/powiat-decyduje:testIamPermissions 200
[debug] [2026-05-17T16:23:18.315Z] <<< [apiv2][body] POST https://cloudresourcemanager.googleapis.com/v1/projects/powiat-decyduje:testIamPermissions {"permissions":["cloudfunctions.functions.list","firebase.projects.get","run.services.list"]}
[debug] [2026-05-17T16:23:18.315Z] Checked if tokens are valid: true, expires at: 1779038476719
[debug] [2026-05-17T16:23:18.315Z] Checked if tokens are valid: true, expires at: 1779038476719
[debug] [2026-05-17T16:23:18.315Z] >>> [apiv2][query] GET https://cloudfunctions.googleapis.com/v1/projects/powiat-decyduje/locations/-/functions [none]
[debug] [2026-05-17T16:23:19.039Z] <<< [apiv2][status] GET https://cloudfunctions.googleapis.com/v1/projects/powiat-decyduje/locations/-/functions 200
[debug] [2026-05-17T16:23:19.039Z] <<< [apiv2][body] GET https://cloudfunctions.googleapis.com/v1/projects/powiat-decyduje/locations/-/functions {}
[debug] [2026-05-17T16:23:19.039Z] Checked if tokens are valid: true, expires at: 1779038476719
[debug] [2026-05-17T16:23:19.039Z] Checked if tokens are valid: true, expires at: 1779038476719
[debug] [2026-05-17T16:23:19.039Z] >>> [apiv2][query] GET https://cloudfunctions.googleapis.com/v2/projects/powiat-decyduje/locations/-/functions filter=environment%3D%22GEN_2%22
[debug] [2026-05-17T16:23:20.045Z] <<< [apiv2][status] GET https://cloudfunctions.googleapis.com/v2/projects/powiat-decyduje/locations/-/functions 200
[debug] [2026-05-17T16:23:20.045Z] <<< [apiv2][body] GET https://cloudfunctions.googleapis.com/v2/projects/powiat-decyduje/locations/-/functions {"functions":[{"name":"projects/powiat-decyduje/locations/us-central1/functions/createResidentPhoneVerificationCode","buildConfig":{"build":"projects/1029210239146/locations/us-central1/builds/620b5bb6-5225-4f74-bb66-b0f593930f8c","runtime":"nodejs20","entryPoint":"createResidentPhoneVerificationCode","source":{"storageSource":{"bucket":"gcf-v2-sources-1029210239146-us-central1","object":"createResidentPhoneVerificationCode/function-source.zip","generation":"1779034893336228"}},"environmentVariables":{"GOOGLE_NODE_RUN_SCRIPTS":""},"dockerRepository":"projects/powiat-decyduje/locations/us-central1/repositories/gcf-artifacts","sourceProvenance":{"resolvedStorageSource":{"bucket":"gcf-v2-sources-1029210239146-us-central1","object":"createResidentPhoneVerificationCode/function-source.zip","generation":"1779034893336228"}},"dockerRegistry":"ARTIFACT_REGISTRY","serviceAccount":"projects/powiat-decyduje/serviceAccounts/1029210239146-compute@developer.gserviceaccount.com","automaticUpdatePolicy":{}},"serviceConfig":{"service":"projects/powiat-decyduje/locations/us-central1/services/createresidentphoneverificationcode","timeoutSeconds":60,"environmentVariables":{"FIREBASE_CONFIG":"{\"projectId\":\"powiat-decyduje\",\"storageBucket\":\"powiat-decyduje.firebasestorage.app\"}","GCLOUD_PROJECT":"powiat-decyduje","EVENTARC_CLOUD_EVENT_SOURCE":"projects/powiat-decyduje/locations/REGION_TBD/services/createResidentPhoneVerificationCode","FUNCTION_TARGET":"createResidentPhoneVerificationCode","LOG_EXECUTION_ID":"true"},"ingressSettings":"ALLOW_ALL","uri":"https://createresidentphoneverificationcode-w5lz57ceaq-uc.a.run.app","serviceAccountEmail":"1029210239146-compute@developer.gserviceaccount.com","availableMemory":"256Mi","allTrafficOnLatestRevision":true,"revision":"createresidentphoneverificationcode-00001-vif","maxInstanceRequestConcurrency":80,"availableCpu":"1"},"state":"ACTIVE","updateTime":"2026-05-17T16:22:39.117376383Z","labels":{"deployment-tool":"cli-firebase","deployment-callable":"true","firebase-functions-hash":"8cebd0753ff9a33af0e40d4a119e3e84cbf3dc05"},"environment":"GEN_2","url":"https://us-central1-powiat-decyduje.cloudfunctions.net/createResidentPhoneVerificationCode","createTime":"2026-05-16T19:59:55.256482042Z","satisfiesPzi":true},{"name":"projects/powiat-decyduje/locations/us-central1/functions/verifyResidentPhoneCode","buildConfig":{"build":"projects/1029210239146/locations/us-central1/builds/8fb9729a-b837-4557-b9de-ae5ffa76110e","runtime":"nodejs20","entryPoint":"verifyResidentPhoneCode","source":{"storageSource":{"bucket":"gcf-v2-sources-1029210239146-us-central1","object":"verifyResidentPhoneCode/function-source.zip","generation":"1778961661831538"}},"environmentVariables":{"GOOGLE_NODE_RUN_SCRIPTS":""},"dockerRepository":"projects/powiat-decyduje/locations/us-central1/repositories/gcf-artifacts","sourceProvenance":{"resolvedStorageSource":{"bucket":"gcf-v2-sources-1029210239146-us-central1","object":"verifyResidentPhoneCode/function-source.zip","generation":"1778961661831538"}},"dockerRegistry":"ARTIFACT_REGISTRY","serviceAccount":"projects/powiat-decyduje/serviceAccounts/1029210239146-compute@developer.gserviceaccount.com","automaticUpdatePolicy":{}},"serviceConfig":{"service":"projects/powiat-decyduje/locations/us-central1/services/verifyresidentphonecode","timeoutSeconds":60,"environmentVariables":{"FIREBASE_CONFIG":"{\"projectId\":\"powiat-decyduje\",\"storageBucket\":\"powiat-decyduje.firebasestorage.app\"}","GCLOUD_PROJECT":"powiat-decyduje","EVENTARC_CLOUD_EVENT_SOURCE":"projects/powiat-decyduje/locations/REGION_TBD/services/verifyResidentPhoneCode","FUNCTION_TARGET":"verifyResidentPhoneCode","LOG_EXECUTION_ID":"true"},"ingressSettings":"ALLOW_ALL","uri":"https://verifyresidentphonecode-w5lz57ceaq-uc.a.run.app","serviceAccountEmail":"1029210239146-compute@developer.gserviceaccount.com","availableMemory":"256Mi","allTrafficOnLatestRevision":true,"revision":"verifyresidentphonecode-00001-sin","maxInstanceRequestConcurrency":80,"availableCpu":"1"},"state":"ACTIVE","updateTime":"2026-05-16T20:02:18.106952375Z","labels":{"deployment-tool":"cli-firebase","deployment-callable":"true","firebase-functions-hash":"8cebd0753ff9a33af0e40d4a119e3e84cbf3dc05"},"environment":"GEN_2","url":"https://us-central1-powiat-decyduje.cloudfunctions.net/verifyResidentPhoneCode","createTime":"2026-05-16T20:01:02.052127073Z","satisfiesPzi":true}]}
[info] ┌─────────────────────────────────────┬─────────┬──────────┬─────────────┬────────┬──────────┐
│ Function                            │ Version │ Trigger  │ Location    │ Memory │ Runtime  │
├─────────────────────────────────────┼─────────┼──────────┼─────────────┼────────┼──────────┤
│ createResidentPhoneVerificationCode │ v2      │ callable │ us-central1 │ 256    │ nodejs20 │
├─────────────────────────────────────┼─────────┼──────────┼─────────────┼────────┼──────────┤
│ verifyResidentPhoneCode             │ v2      │ callable │ us-central1 │ 256    │ nodejs20 │
└─────────────────────────────────────┴─────────┴──────────┴─────────────┴────────┴──────────┘
